"","mean","total","tech","bio","p.value","FDR"
"Hbb-bt",6.65700907303013,4.07347929348033,0.826147907714503,3.24733138576583,2.05318763247113e-26,1.05677567443289e-22
"Car2",3.9352015300627,3.76264203835067,0.567458152166483,3.19518388618419,4.31588339673512e-52,8.88554073719827e-48
"Tmcc2",3.0982220252725,3.65792971389545,0.641987523346749,3.0159421905487,6.95746533234107e-37,7.16201481311189e-33
"Alas2",3.79150285034147,3.12833676962172,0.569158383486046,2.55917838613567,5.87215476938732e-34,4.02986407973821e-30
"Ighg2c",2.56509331512252,3.19679250326994,0.695163299187986,2.50162920408196,1.88808828380147e-22,7.77439231738092e-19
"Slc4a1",2.62567570186311,2.74167092100269,0.686118480245257,2.05555244075743,3.93272562816924e-16,1.34944925387914e-12
"Hba-a2",8.04023872658767,3.80199608024974,1.75710127602326,2.04489480422648,0.000875433077148268,0.29070026116659
"Cr2",2.26516661713274,2.68079211374932,0.735584814877818,1.9452072988715,5.75526971108175e-13,1.18489492811751e-09
"Hmbs",2.81368338221173,2.56806951782039,0.662098300098059,1.90597121772233,4.93076019039838e-15,1.45020701142745e-11
"DEPRECATED_ENSMUSG00000076613",1.98774808099806,2.61663933478548,0.759329070014513,1.85731026477096,2.39250441005131e-11,4.10474006617803e-08
"Cd19",3.27881966318094,2.34086654142437,0.630620004257167,1.7102465371672,1.51760594011225e-13,3.90555888687887e-10
"Ighg3",1.89593513236466,2.46848412418052,0.763672968576388,1.70481115560413,9.68081039750045e-10,1.17240308508082e-06
"Dmtn",2.1231234654261,2.43993280476449,0.749468881773149,1.69046392299134,6.58259919437075e-10,8.47015951335656e-07
"Ermap",2.29378561078899,2.41745936900181,0.73241308133545,1.68504628766636,3.07141194089916e-10,4.51673064565942e-07
"Ighj1",3.2866039077929,2.29600315630969,0.629918698707431,1.66608445760226,5.7013076040804e-13,1.18489492811751e-09
"Ighg2b",1.68825623990347,2.42114838706127,0.76474411406216,1.65640427299911,2.86502159609098e-09,3.10447708528006e-06
"Aqp1",2.34415485097829,2.24131546071921,0.726203552601519,1.51511190811769,1.00949638445068e-08,9.89691026812884e-06
"Trim10",2.06350983916249,2.26081026862725,0.754198951324872,1.50661131730238,3.8976442994647e-08,3.64748640169905e-05
"Slc25a37",3.59638578749646,2.08908673097632,0.586527231020275,1.50255949995605,2.81175444234352e-12,5.26258185990621e-09
"H2-DMb2",2.82009078436125,2.16107882075102,0.661308214009132,1.49977060674189,5.35213355122635e-10,7.34598170350987e-07
"Cd37",3.20055310672679,2.05438711135425,0.636808783831521,1.41757832752273,1.0747617973964e-09,1.22928866026651e-06
"Ms4a1",2.06541158611376,2.16104640006813,0.754061042874996,1.40698535719313,2.61732580359917e-07,0.000185812081532757
"Ank1",2.10853766760935,2.15455147916345,0.750661534760812,1.40388994440264,2.46342008255927e-07,0.000181131759499036
"Ighd",3.48439236487894,2.0033808517024,0.606479255035218,1.39690159666718,2.93719398927298e-10,4.51673064565942e-07
"Ighj4",3.1810748279832,2.01635112071233,0.638104471287772,1.37824664942456,3.15779655337068e-09,3.25063577203978e-06
"Jchain",1.77348373113368,2.13766958940993,0.765949995590353,1.37171959381958,7.33002611497031e-07,0.000486808315016157
"Abcb10",2.51621595175003,2.07145453435424,0.702249484214131,1.36920505014011,7.89826749240214e-08,7.06997961450327e-05
"Spta1",1.87254626126517,2.08578516628721,0.764367484718285,1.32141768156893,1.66919501729729e-06,0.00107391834425364
"Bpgm",2.54452264383512,2.01823326091072,0.698185627683175,1.32004763322755,1.84578965470951e-07,0.000146158143889075
"Ypel4",1.69342262473286,2.0218344233927,0.764929568358858,1.25690485503384,4.96685612668933e-06,0.00300757746871411
"Cd79b",2.61001748408808,1.94018524176909,0.68847737950832,1.25170786226077,5.0680222583012e-07,0.000347801474179683
"H2-Ob",3.03779113762901,1.87193216960126,0.645427027788065,1.22650514181319,1.61017534673467e-07,0.000132601160154294
"Cd79a",3.3441425739378,1.83793417982455,0.62483184600482,1.21310233381973,8.90639645633255e-08,7.64020376012394e-05
"Slpi",2.02628779333786,1.96048621362844,0.756814253327536,1.20367196030091,9.47796174296369e-06,0.00538908307316243
"Kel",1.69558877427379,1.94855377603619,0.764992614444855,1.18356116159133,1.58823902088728e-05,0.00858348842670136
"Mkrn1",3.34093656330506,1.8054227288038,0.625207719528837,1.18021500927496,1.92494424899159e-07,0.000146780563697181
"Prdx2",2.68277052666117,1.77926066200868,0.677843133021421,1.10141752898726,6.22774809428349e-06,0.00366333936471739
"Snca",1.89940721286456,1.86179811089052,0.763549420178155,1.09824869071236,5.49020644058298e-05,0.0282580925496806
"Igkc",5.58550461040242,1.95513819533271,0.866021477853397,1.08911671747931,0.000360035363510712,0.137266815999232
"Fech",1.82676834487105,1.85176328605157,0.765394252555654,1.08636903349592,6.76025608108519e-05,0.0339463785847273
"Cd52",3.34195121278037,1.69933019017829,0.625088769505819,1.07424142067248,1.90662833744397e-06,0.00118950497609989
"Tfrc",2.71350267684885,1.71470964988647,0.673714358271259,1.04099529161521,1.62597653313266e-05,0.00858348842670136
"Ctse",1.75873699462808,1.80535176353682,0.76590804870862,1.0394437148282,0.000131393585849363,0.0592931432655027
"Ube2l6",2.0138261132891,1.78538755117327,0.757691148589031,1.02769640258424,0.000132479337002775,0.0592931432655027
"Cdr2",2.01459299217656,1.78200333437185,0.757637710861499,1.02436562351035,0.000138567422397027,0.0606984274959573
"Pax5",2.02771589396707,1.76594701271415,0.756712607303779,1.00923440541037,0.000167599099091899,0.0718860469188338
"Cd72",1.76661267829414,1.7683749743741,0.765935114563876,1.00243985981022,0.000216245112446586,0.0872951838245158
"Apol11b",1.51535353948927,1.73579993843568,0.754453867298514,0.981346071137169,0.00023456085866588,0.0928680568887142
"Iglc3",2.39957522494092,1.67424899339812,0.718789769738604,0.955459223659513,0.000175449943666902,0.0737176212288607
"Cd22",1.71638953471643,1.70431325080342,0.765533070990975,0.938780179812449,0.000487484761730376,0.17922029061616
"Sptb",1.58902481787814,1.69837220918125,0.760098731741987,0.938273477439265,0.000450997684957625,0.168820733416501
"Ighm",4.04552590837616,1.49175246088963,0.576265551568403,0.915486909321232,9.68506283791577e-06,0.00538908307316243
"Coro1a",2.86493388921128,1.56360019349734,0.656129431194174,0.907470762303169,9.99326896802904e-05,0.0489860527413766
"Pou2af1",1.9776892326492,1.63810154108948,0.759874681834541,0.878226859254935,0.000942050944042923,0.303046013061808
"Bank1",2.41652066366886,1.59176396121334,0.716480561033073,0.875283400180266,0.000509723665405293,0.184108610936213
"Hvcn1",2.17362639006488,1.60870718374157,0.744892946558167,0.863814237183399,0.000909189868142207,0.29711747627479
"Rab3il1",1.81917489767429,1.62376868831727,0.765558560003189,0.858210128314079,0.00128687546849892,0.400990530419498
"Glrx5",2.87402892081379,1.49630514236181,0.655527838470817,0.840777303890993,0.00028132102992059,0.109279950264247
"Ccr6",1.57414208856308,1.59957378862162,0.759172649716978,0.840401138904638,0.00145632858077525,0.440924894426482
"Mki67",3.47292653537612,1.44283273740522,0.608469999471038,0.834362737934181,0.000113277322081599,0.0542361280701388
"Mzb1",1.89698304947044,1.58403024607615,0.763635861884046,0.820394384192108,0.00193260435115027,0.568406548306881
"Alad",2.00614829173957,1.57726770736439,0.758186358106761,0.819081349257624,0.00183588182480983,0.547784565350503
"H2-Aa",2.75042656388821,1.46487665970863,0.669069069775518,0.795807589933111,0.000690800088588713,0.233150692194499
"Ltb",2.23719638459986,1.53084573037423,0.738622299482142,0.792223430892091,0.00196185115459161,0.568881571418761
"Hist1h1b",3.77438374183906,1.34653720186216,0.569906823526941,0.776630378335219,0.000123908526885258,0.0579779261707659
"Iglc1",1.82587209385115,1.54081328649221,0.765414122608453,0.775399163883762,0.00322319671273164,0.645131470210005
"Xpo7",1.91007053853234,1.53763913479406,0.763159265307291,0.77447986948677,0.00317656153779669,0.645131470210005
"Tnfrsf13c",1.47922475227988,1.51561286769362,0.75098490980705,0.764627957886565,0.00309127483655987,0.645131470210005
"Tfdp2",1.56827256046239,1.51094223481739,0.758743830678555,0.752198404138838,0.00383925094508437,0.645131470210005
"Hist1h2af",3.0201277046152,1.38754398570584,0.646093733866814,0.741450251839028,0.00101445538690632,0.321317038548112
"Tspan33",1.5137006312462,1.4956125955422,0.754314558889598,0.741298036652601,0.00411259038314127,0.645131470210005
"Gypa",1.32894212731769,1.46243014481993,0.731118538562274,0.731311606257653,0.0035747742290994,0.645131470210005
"Fam117a",2.43917371139748,1.44322712823256,0.713401549988778,0.72982557824378,0.00297072326518893,0.645131470210005
"Blk",1.63684381117645,1.4861182864766,0.762660762928218,0.723457523548384,0.00537288732544375,0.645131470210005
"Hemgn",1.28611783022286,1.43804306388182,0.723790110440552,0.714252953441266,0.00398127515671697,0.645131470210005
"Metap2",3.55145999495346,1.30754109228939,0.594900150819841,0.71264094146955,0.000638046507183456,0.223375857037319
"Pigq",2.37515857683993,1.43224622621357,0.722133363415847,0.710112862797724,0.00409270239670217,0.645131470210005
"DEPRECATED_ENSMUSG00000042474",1.96654283882325,1.4592327962644,0.760461559249682,0.698771237014722,0.00673787865302677,0.645131470210005
"Atpif1",2.24446285304812,1.43479535080821,0.737839383400077,0.696955967408131,0.00554126710674034,0.645131470210005
"Cd24a",3.6896861123385,1.26399747044748,0.576017118288413,0.687980352159062,0.000659581861481983,0.226324522736518
"Spib",1.62128705752495,1.44631085681143,0.761917182210661,0.684393674600764,0.00785728870117816,0.645131470210005
"Acap1",2.24521622916315,1.41103379574142,0.737757977844842,0.673275817896581,0.0070628072213979,0.645131470210005
"Fcna",2.39190259499967,1.38905328099612,0.719860156966018,0.669193124030098,0.00621287782814871,0.645131470210005
"Atp2a3",2.35384672268458,1.38912080375741,0.724939048872992,0.664181754884415,0.00687528917645646,0.645131470210005
"Syk",2.72614291768765,1.33467786302422,0.672094216173297,0.66258364685092,0.00401228084330406,0.645131470210005
"Mybl1",0.643810649870174,1.15745133982025,0.500192083057225,0.657259256763021,0.000205050281136112,0.0844315037606053
"Clu",1.57730565639005,1.41639847484629,0.759400663654738,0.656997811191548,0.009996697416921,0.645131470210005
"Add2",1.45048619409299,1.40319865760967,0.747848758335405,0.655349899274268,0.0092244570419333,0.645131470210005
"Tmsb10",3.6078843035167,1.24029970656202,0.585198776591563,0.655100929970456,0.00130495266845281,0.400990530419498
"H2-Eb1",3.29597017018857,1.26181332107809,0.629073455046794,0.632739866031295,0.00341769113466764,0.645131470210005
"Cpox",1.44971322369879,1.3784922106465,0.747760011351814,0.630732199294682,0.0116575132738774,0.645131470210005
"Gpx1",5.00733874128528,1.41600144462606,0.794544058654639,0.621457385971422,0.017720413244508,0.645131470210005
"Ppp1r15a",1.65021718260641,1.37133994915226,0.763241683795444,0.608098265356815,0.0160774876459011,0.645131470210005
"Creg1",2.78318861945984,1.2636473346508,0.664973524568022,0.598673810082776,0.00773941820618579,0.645131470210005
"Tnfaip2",2.32057532073268,1.32567015394792,0.729216166044008,0.59645398790391,0.0139209183409669,0.645131470210005
"Pxdc1",1.58835021817672,1.35485326269508,0.760059970433645,0.594793292261434,0.0176728929040533,0.645131470210005
"Limd2",2.50143740664644,1.29653323452458,0.704471482032642,0.592061752491935,0.0119106264371969,0.645131470210005
"Gclm",1.7700911814953,1.35502690504497,0.765943660018784,0.589083245026184,0.0193123661011888,0.645131470210005
"March8",1.48651759597492,1.33394334844474,0.751729194372683,0.582214154072053,0.0186394049132516,0.645131470210005
"Rhd",1.25586287161993,1.29567755764167,0.717991920461217,0.577685637180451,0.0152475530655833,0.645131470210005
"March2",1.77073905114414,1.33937664008762,0.765945022101173,0.573431617986448,0.0220463190956402,0.645131470210005
"H2-Ab1",2.79680581560449,1.2363250173418,0.663628717915197,0.5726962994266,0.0101536782993573,0.645131470210005
"H2-DMb1",1.85541063165674,1.32896777059544,0.764867523348091,0.564100247247347,0.0236704058328404,0.645131470210005
"Ncf1",2.19012719443892,1.30642880411279,0.743346002702712,0.563082801410081,0.0208261804124604,0.645131470210005
"Dok3",2.08057111658695,1.31541452433527,0.752947668342642,0.562466855992626,0.0222791036506465,0.645131470210005
"Arhgdib",2.21372478982338,1.29213134956157,0.741043884576511,0.551087464985056,0.0227622046138397,0.645131470210005
"Hist1h1d",4.74215577146849,1.24091662793782,0.689888566463115,0.551028061474701,0.0158636887991347,0.645131470210005
"Pik3c2b",1.47042928632308,1.30079386336737,0.75007008672035,0.550723776647019,0.0241677045921597,0.645131470210005
"Isg20",1.42450097931557,1.29481593840577,0.744837551907353,0.549978386498422,0.0235396053168852,0.645131470210005
"Bin1",1.6530336770695,1.31078699264663,0.763358909838162,0.547428082808465,0.0269010363416499,0.645131470210005
"Cnn2",2.08610044879493,1.2976999371834,0.752502108647411,0.545197828535988,0.0256907700404101,0.645131470210005
"Gimap4",2.0324122113768,1.30091315574038,0.756376685992311,0.544536469748068,0.0264370369150129,0.645131470210005
"Epb41",3.39661714023596,1.15923267741434,0.618304297955988,0.540928379458347,0.00932211854266704,0.645131470210005
"Eaf2",0.876329518789908,1.14524430373187,0.604821458283466,0.540422845448407,0.00813581333919141,0.645131470210005
"Btg1",2.38749781071881,1.25990710963852,0.720473313989626,0.53943379564889,0.0220374934792059,0.645131470210005
"St3gal5",1.58384752291095,1.29314078533778,0.759798735896395,0.533342049441386,0.0295392121230577,0.645131470210005
"Hmox1",1.90142569923564,1.29481399148093,0.763476804330988,0.531337187149943,0.0306410745179643,0.645131470210005
"Blnk",1.62471613241035,1.29113122795488,0.762102268966145,0.529028958988733,0.0309727957007876,0.645131470210005
"A630001G21Rik",1.89879155371175,1.29239518554581,0.763571453131471,0.528823732414335,0.0312754381710798,0.645131470210005
"Swap70",1.67908100523761,1.29281586234104,0.764393357029521,0.528422505311523,0.0315166468542895,0.645131470210005
"Specc1",1.24170904810927,1.23915956630493,0.715130010741258,0.524029555563676,0.024390759803447,0.645131470210005
"Rac2",2.39446591479584,1.23825575266308,0.719502883964167,0.518752868698914,0.0262629011574458,0.645131470210005
"Prkcb",1.96782849120078,1.27320080908458,0.760394678146758,0.51280613093782,0.034876911252564,0.645131470210005
"Ppox",2.21139348551641,1.252966053303,0.741280718846715,0.51168533445628,0.031712424267116,0.645131470210005
"St6gal1",1.72128288925021,1.27259335707381,0.765599367193303,0.506993989880504,0.0374755997847579,0.645131470210005
"Gata1",1.194089810515,1.21071670830881,0.704902320008058,0.505814388300752,0.0268282666796225,0.645131470210005
"Ikzf3",1.95723676505665,1.26557926721368,0.760969916143372,0.504609351070313,0.0372793502924723,0.645131470210005
"Lat2",1.76791929075579,1.26810131281376,0.765938568380635,0.502162744433126,0.038949189899164,0.645131470210005
"Slc6a9",1.10057205668854,1.17965038503082,0.682121753787802,0.497528631243013,0.0249175454055277,0.645131470210005
"Trak2",1.69368030375104,1.25644909342215,0.764937114608052,0.491511978814097,0.0420049991151158,0.645131470210005
"Siglecg",1.48684008580739,1.24155640388733,0.751761810423532,0.489794593463799,0.0398853540235253,0.645131470210005
"Plcg2",1.84962641130723,1.25332024758156,0.76502670780232,0.488293539779235,0.0430477827440689,0.645131470210005
"Mfge8",1.06095390470923,1.15408029343792,0.670559749068177,0.483520544369747,0.0262494499494034,0.645131470210005
"Aicda",0.469706202113562,0.882580210849747,0.401616796234419,0.480963414615328,0.00064013870046638,0.223375857037319
"Klhl6",1.45451658051462,1.2273909812161,0.748309080492006,0.479081900724094,0.0425705208152544,0.645131470210005
"Sppl2b",1.87207787734603,1.24101997561497,0.764380541716965,0.476639433898005,0.0467893166149114,0.645131470210005
"Ciita",1.78711760872022,1.24049282991156,0.765939553391896,0.474553276519668,0.047848942615847,0.645131470210005
"DEPRECATED_ENSMUSG00000029204",1.54380259373997,1.23067885588154,0.756812475834322,0.473866380047218,0.0461169273307761,0.645131470210005
"Hist1h3b",3.03048520376495,1.1192558834749,0.645704161797833,0.473551721677063,0.0242965708563318,0.645131470210005
"Psmb8",2.07949326481097,1.22290193458781,0.75302764793679,0.469874286651022,0.0466797180074729,0.645131470210005
"C1qtnf12",1.35401171519503,1.20389363721674,0.735118100404924,0.468775536811813,0.0431912432739785,0.645131470210005
"Rrm2",2.70211591191924,1.14172008232669,0.675210050553369,0.466510031773317,0.0315902113760424,0.645131470210005
"Dusp2",1.69300708521358,1.23088086712324,0.764917372630311,0.46596349449293,0.0506997086392409,0.645131470210005
"Plac8",1.82039088987237,1.23112187217233,0.765532866048997,0.465589006123329,0.0509748306714248,0.645131470210005
"Hist1h3d",3.80151343389084,1.03329522450098,0.56906588576247,0.464229338738514,0.0141289205741333,0.645131470210005
"Ptprcap",2.42050192883764,1.17816882240257,0.715949793549223,0.462219028853347,0.041274717139244,0.645131470210005
"Car1",1.0236786425325,1.12065905277124,0.658492583042321,0.462166469728919,0.0295566489431184,0.645131470210005
"Ccna2",2.03581092750387,1.21413446168594,0.756133022739979,0.458001438945964,0.0516754110319298,0.645131470210005
"Tpm4",2.20088462883236,1.1997833822189,0.742311068321445,0.457472313897457,0.0487361305791439,0.645131470210005
"Tent5c",1.61594650539408,1.21888450664108,0.761624088590007,0.457260418051074,0.0532136450799049,0.645131470210005
"Snn",1.48683665417407,1.20379218273941,0.751761463485869,0.452030719253539,0.0529460870438418,0.645131470210005
"Dock2",2.24365674008311,1.18788227799182,0.737926438895798,0.449955839096019,0.0505348523261271,0.645131470210005
"Slc16a10",1.29293744987206,1.17163443965574,0.725013227945648,0.446621211710094,0.0488076714096016,0.645131470210005
"Grina",1.89555861421125,1.21017293071984,0.763686262622892,0.446486668096945,0.0579560456593844,0.645131470210005
"Hmgb3",2.03631175043072,1.19457232428708,0.756098943807773,0.438473380479303,0.0594458084990321,0.645131470210005
"Actg1",3.85713162893131,1.00590706674376,0.568025551640015,0.437881515103749,0.0190874099890039,0.645131470210005
"Hist1h3c",3.84309452258196,1.00608896276771,0.568661726579591,0.437427236188118,0.0192962603727392,0.645131470210005
"Urod",1.46748847431889,1.18667120432528,0.749759985705088,0.436911218620193,0.0585544848272213,0.645131470210005
"DEPRECATED_ENSMUSG00000049932",3.21738363078013,1.07137095246832,0.635410915842083,0.435960036626233,0.0325186203728432,0.645131470210005
"Mif4gd",2.48226488299413,1.14085319281882,0.70735241323285,0.433500779585971,0.0496756817257605,0.645131470210005
"Edem1",2.24228604527405,1.17001200637778,0.738074350606931,0.431937655770853,0.0577767965053445,0.645131470210005
"Slc25a39",1.44334834134247,1.17867835731277,0.747027768754275,0.431650588558491,0.0601137954040752,0.645131470210005
"Tspo2",1.05937775099237,1.09569653143329,0.670062259978702,0.425634271454584,0.0438041582224126,0.645131470210005
"Lcp1",2.17296226233192,1.16915252381152,0.744954353260327,0.424198170551192,0.0628547362874332,0.645131470210005
"Gimap6",2.02285341573249,1.18018017238537,0.757057730164957,0.423122442220413,0.0664271412224121,0.645131470210005
"Foxo1",1.66987684863665,1.18683392061538,0.764027218894696,0.42280670172068,0.0683596603846999,0.645131470210005
"Dgka",1.48574078036685,1.17301082593552,0.751650525885276,0.421360300050246,0.0658478637634572,0.645131470210005
"Hist4h4",3.33854977520514,1.04350975891468,0.625487500421223,0.418022258493452,0.0361554818392183,0.645131470210005
"Ptprc",3.39557426841601,1.03160304382968,0.618444534651601,0.413158509178075,0.0362096303465048,0.645131470210005
"Slc43a3",1.65713853336139,1.17550790668416,0.763526936006221,0.411980970677941,0.0733944773409856,0.645131470210005
"Fn3k",1.03610954662596,1.07426521700661,0.662591219336824,0.411673997669788,0.0473851030730396,0.645131470210005
"Gimap3",1.71232533026251,1.1763036134299,0.765450081331982,0.410853532097915,0.0744593888290145,0.645131470210005
"H2-Q6",2.89341479930068,1.06404786576863,0.654255878684864,0.409791987083766,0.046061394481304,0.645131470210005
"Ccl5",1.86150683700499,1.17435026940062,0.764694250050557,0.409656019350066,0.0748521659624872,0.645131470210005
"Bcl2l1",1.67072843353736,1.1722629945034,0.764059997060501,0.408202997442901,0.0754075150240983,0.645131470210005
"DEPRECATED_ENSMUSG00000105547",1.47044964048248,1.15727567327892,0.750072225608923,0.407203447669998,0.0721633548577329,0.645131470210005
"Btla",1.56551329081667,1.16492763759077,0.758539637236856,0.406388000353912,0.0748375948841107,0.645131470210005
"Txndc5",2.29951914535004,1.13802643442477,0.731770938035995,0.40625549638877,0.06773248464874,0.645131470210005
"Hist1h2bj",2.8932820608159,1.05633679485472,0.654264390685849,0.402072404168871,0.0492107686503091,0.645131470210005
"Rhoh",1.30785295508404,1.1289423938132,0.727550228452739,0.401392165360458,0.0689602874444705,0.645131470210005
"Hist1h3i",4.08431701510385,0.978051680222499,0.576834943621914,0.401216736600585,0.0307147945510023,0.645131470210005
"Ptpn6",2.07972756090348,1.15386199497028,0.753010273088836,0.400851721881446,0.0761452094046675,0.645131470210005
"Rsad2",1.02701332696243,1.0596828858706,0.659597425368591,0.400085460502011,0.0514353738014004,0.645131470210005
"Basp1",0.872261951274495,0.998955636718832,0.603211892105275,0.395743744613556,0.0388487496970047,0.645131470210005
"Pold4",1.45174596422923,1.14227798093397,0.747993075973134,0.394284904960835,0.0781710916656174,0.645131470210005
"Gimap1",1.79873982316399,1.16008345243982,0.765884498181678,0.394198954258144,0.083169010168959,0.645131470210005
"Rnf10",2.09218606315167,1.14453889718698,0.752008023505576,0.392530873681401,0.0802128201245937,0.645131470210005
"Arhgap45",2.81823331597071,1.05392828949758,0.661537358338793,0.392390931158787,0.0553525277844352,0.645131470210005
"Prxl2a",1.3345780275558,1.12300820413023,0.732058112075771,0.390950092054463,0.0754888616575024,0.645131470210005
"Dhrs11",1.24926137555822,1.1074314754174,0.716654881898588,0.390776593518808,0.0712830634161241,0.645131470210005
"Hist1h2an",1.94452341912379,1.15099954086085,0.761662158052784,0.389337382808068,0.0846315585986701,0.645131470210005
"Btnl10",1.04474025665003,1.05442649759596,0.665401194257082,0.389025303338876,0.0579557280054027,0.645131470210005
"Serp1",2.34537040514191,1.11364614232718,0.726045259622277,0.387600882704904,0.0755616469660532,0.645131470210005
"Cotl1",1.65018747964049,1.1472767768008,0.763240439095128,0.384036337705671,0.088018861064223,0.645131470210005
"Adipor1",1.60056183153816,1.14307638177951,0.760746521135599,0.382329860643915,0.0882741168541532,0.645131470210005
"DEPRECATED_ENSMUSG00000037337",1.52521103053589,1.13671422141673,0.755271405891452,0.38144281552528,0.0872162302384081,0.645131470210005
"Rasal3",1.67075259493948,1.14301812684699,0.764060980825835,0.378957146021154,0.0911466815840263,0.645131470210005
"Grk6",2.5734712864792,1.07278697951978,0.693884387520915,0.37890259199887,0.0709973749350608,0.645131470210005
"Cxcr5",1.04701854096906,1.04403712038378,0.666131563446766,0.377905556937011,0.0635602583197768,0.645131470210005
"Apol11a",0.945332739620054,1.0077098329555,0.631070778738691,0.376639054216804,0.0542562206178981,0.645131470210005
"Mef2b",0.479926429404668,0.782072289019035,0.407976422387648,0.374095866631388,0.00683594120490089,0.645131470210005
"Rhag",0.963044257193837,1.01035615386987,0.637493026259498,0.372863127610374,0.057880326969882,0.645131470210005
"Blvrb",3.67919849739123,0.949263509151387,0.576962696597309,0.372300812554078,0.0413521436765747,0.645131470210005
"Slc40a1",1.68407550497566,1.13681570864048,0.764586283001586,0.372229425638897,0.0952419597992312,0.645131470210005
"Satb1",1.47736191843208,1.12282184849611,0.750792729442952,0.372029119053153,0.0913507408583721,0.645131470210005
"Sh3bgrl3",2.11781642500765,1.12159591129658,0.749905295101186,0.371690616195395,0.0912911494706565,0.645131470210005
"Ralgps2",1.25818230410061,1.08844672006696,0.718458558292611,0.369988161774351,0.0830549163156525,0.645131470210005
"Brpf3",1.5522560605424,1.12704487406753,0.75751486773827,0.369530006329263,0.0947959709879363,0.645131470210005
"Cd74",5.72650013640514,1.22120425381735,0.851706768603286,0.369497485214066,0.121683660160476,0.645131470210005
"Scd1",1.1214700708799,1.05623852279899,0.687522747865628,0.368715774933364,0.0746304733780781,0.645131470210005
"Bcar3",1.21307683752429,1.07759335307461,0.709141151652944,0.368452201421664,0.0811792650295816,0.645131470210005
"Fhdc1",1.08072990371768,1.0445060220371,0.676601288166626,0.367904733870469,0.0718429200830793,0.645131470210005
"Il21r",1.39882015950162,1.10786705285356,0.741597623303503,0.366269429550059,0.0920692995643543,0.645131470210005
"Irf8",2.68024328703207,1.04199669409853,0.678206199663696,0.363790494434832,0.0745906986043037,0.645131470210005
"Cdca3",2.17435118410674,1.10787705223069,0.744825885187092,0.3630511670436,0.0949721131020148,0.645131470210005
"Map4k1",1.3630193925412,1.09882676238642,0.736466494174725,0.3623602682117,0.0929011873443732,0.645131470210005
"Fcrl1",1.10584879259082,1.0452399043482,0.683505022918661,0.36173488142954,0.0773449872843677,0.645131470210005
"Paqr9",1.12431157152738,1.04903842519237,0.688242888697361,0.36079553649501,0.0793153087658169,0.645131470210005
"Pdzk1ip1",0.944234057473175,0.99045037902443,0.630668147147336,0.359782231877095,0.0625068762464118,0.645131470210005
"Pklr",1.06581827158871,1.02768048409413,0.672089751780961,0.355590732313168,0.077404600730805,0.645131470210005
"Slc25a51",1.78415984838855,1.11692314624566,0.765949964905106,0.350973181340553,0.108938690604505,0.645131470210005
"Derl3",0.787624793038386,0.914319024269537,0.568046496963011,0.346272527306526,0.0505830374428614,0.645131470210005
"Cpeb4",2.09485729919505,1.09773179298426,0.751789933439004,0.345941859545257,0.107968600418029,0.645131470210005
"Shisa5",1.68879995268176,1.10902088793038,0.764764396145098,0.344256491785282,0.113046470216143,0.645131470210005
"Macf1",2.50403901315257,1.04724868666855,0.704080882560583,0.343167804107966,0.0949869506989258,0.645131470210005
"Tmem14c",2.43489744582963,1.0570686522257,0.71401668114054,0.343051971085162,0.0981817193229737,0.645131470210005
"Ncf4",1.5451680693757,1.0992169348839,0.756927015955443,0.342289918928461,0.111986396918845,0.645131470210005
"Ache",0.992640638687592,0.99000255863775,0.647938139994716,0.342064418643034,0.0778557940391,0.645131470210005
"Msn",2.29704026246288,1.07316100121347,0.732048850009772,0.341112151203702,0.105097130957097,0.645131470210005
"Lat",1.63825766073445,1.10217503273821,0.762723920178962,0.339451112559251,0.115695948169011,0.645131470210005
"Gadd45a",1.42142232689509,1.08366364562221,0.74446664518766,0.339197000434545,0.110247485737117,0.645131470210005
"Evl",2.23620419574333,1.0776215315301,0.738728882427891,0.338892649102209,0.108671997720076,0.645131470210005
"Dennd3",1.00467367406533,0.99056480209384,0.65207939515864,0.3384854069352,0.0813771413535443,0.645131470210005
"Prkd2",2.36463624629869,1.0613265530519,0.723522141688632,0.337804411363269,0.104647806152186,0.645131470210005
"Gimap8",1.45916561278579,1.0856489256566,0.74883503920123,0.336813886455374,0.113233907510649,0.645131470210005
"Lrmp",1.79422667774385,1.10228263084665,0.765908543220653,0.336374087625994,0.118801056560767,0.645131470210005
"Mndal",1.99018937014079,1.0942775653952,0.759179843905123,0.335097721490075,0.117624089752557,0.645131470210005
"Marcksl1",1.17234661885945,1.03250994400368,0.699923794189421,0.332586149814259,0.100662383898849,0.645131470210005
"Parp3",1.53560148150574,1.084882479239,0.756115695809132,0.32876678342987,0.121153009275115,0.645131470210005
"Ube2o",1.11510311700185,1.01231556123583,0.68589883839106,0.326416722844773,0.100320663830055,0.645131470210005
"Rad23a",1.67454200413905,1.08897780713027,0.764213871834872,0.324763935295399,0.126567654561126,0.645131470210005
"Laptm5",1.9639707962655,1.08397741176901,0.760594720993393,0.323382690775617,0.126452600418237,0.645131470210005
"Hmces",0.796507301763976,0.894276427693877,0.571892099563035,0.322384328130842,0.0647749176093396,0.645131470210005
"Epb42",0.92068613442476,0.941151852000388,0.621921069477869,0.319230782522519,0.0837467328117165,0.645131470210005
"Csk",2.62612037118991,1.00431857091785,0.686051398432267,0.318267172485587,0.106107383220801,0.645131470210005
"Hist1h1e",3.11925876474958,0.959158285592392,0.640985136270722,0.31817314932167,0.090968787034404,0.645131470210005
"Tmod1",0.913755884789746,0.936625273452662,0.619303893723696,0.317321379728966,0.0841255733795384,0.645131470210005
"S1pr1",1.02836771967326,0.976963189891331,0.660045036493478,0.316918153397853,0.0983249630096946,0.645131470210005
"Traf1",1.37580986454744,1.05316967883976,0.73832188809415,0.314847790745613,0.125747391172296,0.645131470210005
"DEPRECATED_ENSMUSG00000048756",2.01491869526456,1.07243230595918,0.757614994213819,0.314817311745361,0.131908247129714,0.645131470210005
"Lmna",1.186169241072,1.01791411748953,0.703107973925706,0.314806143563821,0.114295039759924,0.645131470210005
"Arpc1b",2.6974793888988,0.988408332412114,0.675842035833873,0.312566296578241,0.106812296468671,0.645131470210005
"Hist1h2bp",4.55817549266351,0.937456450183646,0.628844600538513,0.308611849645133,0.0934681643463302,0.645131470210005
"B4galnt1",1.96696153928527,1.06903806197305,0.760439801311379,0.308598260661675,0.137576349963086,0.645131470210005
"Ptdss2",1.1501385716468,1.00232158155723,0.694652717342583,0.30766886421465,0.116822006305841,0.645131470210005
"Lsp1",2.20890995928213,1.04798918815357,0.741532520960538,0.306456667193027,0.133212792608239,0.645131470210005
"Slc43a1",1.04809096150114,0.972274032057503,0.666474731915335,0.305799300142167,0.108631902682808,0.645131470210005
"Gda",1.25412455944491,1.02264956498124,0.717641131119635,0.3050084338616,0.126539435047397,0.645131470210005
"Nt5c3",1.22908010667035,1.01740791807787,0.7125722892341,0.304835628843774,0.124993524127793,0.645131470210005
"Trbc2",1.53231708688891,1.05978211858436,0.755846776158547,0.303935342425814,0.139778478293031,0.645131470210005
"Gypc",1.38535481386051,1.04283704520356,0.739693991940393,0.303143053263172,0.135220478275459,0.645131470210005
"Arrb1",1.57177108370986,1.057049170242,0.759000332914689,0.298048837327315,0.145491666549416,0.645131470210005
"C3",1.03828871088976,0.961337815162164,0.663304127430827,0.298033687731337,0.113475184694395,0.645131470210005
"Slfn14",0.816242189351461,0.876803132480053,0.580302519212237,0.296500613267816,0.0847261201469443,0.645131470210005
"Tnfrsf14",1.79974107776789,1.06204503991065,0.765878707541861,0.296166332368792,0.149199324415503,0.645131470210005
"Itpr3",1.28294291405059,1.0187794488228,0.723206050227864,0.295573398594938,0.13587826813599,0.645131470210005
"Capg",1.16171859694862,0.990213961316083,0.697428518984783,0.2927854423313,0.129470477976267,0.645131470210005
"Itgad",0.999907158441635,0.941739454324928,0.650449360299629,0.291290094025299,0.114246261471183,0.645131470210005
"Fbxo30",1.11125272927721,0.974156960517193,0.684909844479042,0.28924711603815,0.128053744696744,0.645131470210005
"Lpgat1",1.64866423703099,1.05209785348987,0.763176371546336,0.288921481943536,0.154332303537425,0.645131470210005
"Pld4",1.40601098175923,1.02999031606862,0.742536085485275,0.287454230583346,0.148934851379092,0.645131470210005
"Rnf11",1.45542139912386,1.03553086306834,0.748411865970261,0.287118997098077,0.151121547004069,0.645131470210005
"Unc93b1",2.42013074122553,1.00238275223245,0.715999312534694,0.286383439697756,0.141058996874499,0.645131470210005
"Lyn",2.38528710072424,1.00629465931948,0.720780677205659,0.285513982113818,0.143393864527541,0.645131470210005
"Traf3ip3",1.73095310565268,1.05093748560576,0.765717522911929,0.285219962693827,0.158256230705431,0.645131470210005
"Lpxn",1.04238693440609,0.949666008051709,0.664640367046445,0.285025641005265,0.124415554070215,0.645131470210005
"Rogdi",1.16610408653026,0.981575883606162,0.698462724158919,0.283113159447243,0.137859242866355,0.645131470210005
"Nfkbia",1.8532671706552,1.04769677795503,0.764927107633187,0.282769670321838,0.160094032751266,0.645131470210005
"Cd83",1.02794241423749,0.941373666142878,0.659904547785531,0.281469118357347,0.125695691277061,0.645131470210005
"Gm867",0.90360657249555,0.896248875912579,0.615434336586193,0.280814539326387,0.109912278935958,0.645131470210005
"Pik3ap1",1.52137999870558,1.03560101734786,0.754956365448318,0.28064465189954,0.158744531426275,0.645131470210005
"Cmah",1.43267896376253,1.02606231584586,0.745799083976082,0.280263231869777,0.156120765640585,0.645131470210005
"Stard10",1.67021489469162,1.04031202457313,0.764040062895057,0.276271961678076,0.165436611516136,0.645131470210005
"Snx8",1.56441097639047,1.03391901118934,0.758457595304573,0.275461415884763,0.164373812204695,0.645131470210005
"Xbp1",1.34866608258424,1.00917762856682,0.734286894482574,0.274890734084241,0.157039983098567,0.645131470210005
"Hebp1",1.31066231049219,1.0026807117738,0.72802076170801,0.274659950065791,0.155169683688359,0.645131470210005
"Sorl1",1.08067461212138,0.951022879820026,0.676584701049981,0.274438178770045,0.137690358683307,0.645131470210005
"Slc28a2",1.30778830653295,1.00114509333296,0.727539373473815,0.273605719859146,0.155940050331882,0.645131470210005
"Abcg4",0.955137907985128,0.907679232229239,0.634643342247855,0.273035889981384,0.12365713627419,0.645131470210005
"Ranbp10",1.21635396784267,0.982810604166075,0.709863373037358,0.272947231128717,0.150574632229147,0.645131470210005
"DEPRECATED_ENSMUSG00000076937",1.09691227398673,0.953581257255944,0.681156503203291,0.272424754052653,0.141078741237773,0.645131470210005
"Bcl6",0.795344478301159,0.843006415546051,0.571390764136617,0.271615651409434,0.100575138074554,0.645131470210005
"Sept8",1.15563716908852,0.967071894217777,0.695983674811248,0.271088219406529,0.147455416588483,0.645131470210005
"Fam49b",1.79531011431949,1.03673081220483,0.765903078533245,0.270827733671589,0.170833508771133,0.645131470210005
"Bnip3l",1.38836723954074,1.01087786042677,0.740124041544472,0.270753818882299,0.162624695817385,0.645131470210005
"Stab2",1.19028960866564,0.974538134406575,0.704043953960564,0.270494180446011,0.15076706745279,0.645131470210005
"Ablim1",1.11484398098193,0.955912287857863,0.685832442499158,0.270079845358705,0.144809310069193,0.645131470210005
"Cnp",1.70165881512673,1.03203733203867,0.76516457636022,0.266872755678454,0.174149182600712,0.645131470210005
"DEPRECATED_ENSMUSG00000006235",0.956613375659981,0.901944364150623,0.635176946793281,0.266767417357342,0.129367243615318,0.645131470210005
"Hip1r",1.38399590798944,1.00529404080866,0.739499204086374,0.265794836722286,0.166890448448865,0.645131470210005
"Rere",1.87294848619404,1.02866408108656,0.764356246004292,0.264307835082267,0.176220958477438,0.645131470210005
"Trp53inp1",1.76777494079311,1.02944453556998,0.765938201251247,0.263506334318733,0.177449472798727,0.645131470210005
"Mical1",1.66691781048599,1.0274071763189,0.763913840463789,0.263493335855107,0.17682452821774,0.645131470210005
"Sell",1.17803994247166,0.964702718923343,0.701245058111658,0.263457660811685,0.156178292897769,0.645131470210005
"9930111J21Rik2",1.81550181166578,1.0286492585387,0.765634734343913,0.263014524194788,0.177803541024549,0.645131470210005
"Ankle1",1.59766190166677,1.02319766255503,0.760586368668601,0.262611293886428,0.17658089723366,0.645131470210005
"Hist1h4k",4.87368154891572,1.00149753973464,0.739309751950267,0.262187787784373,0.17012938756326,0.645131470210005
"Prkar2b",0.998463581689114,0.911090708984953,0.64995260246469,0.261138106520263,0.139977158192818,0.645131470210005
"Sh3bp5",1.73561788728645,1.0269023121786,0.76576846614874,0.261133846029865,0.179570659207339,0.645131470210005
"Stk10",2.06801084207531,1.01402897479815,0.753871913455085,0.260157061343068,0.176706598964364,0.645131470210005
"Cyth1",1.34962541611345,0.99438747721966,0.734436647106065,0.259950830113595,0.170601427526386,0.645131470210005
"Arhgap4",1.73791627275523,1.02454699966966,0.765789570214505,0.25875742945515,0.181772095905694,0.645131470210005
"Nxpe2",1.14535018362958,0.950938052324943,0.69348223158811,0.257455820736833,0.159060741842719,0.645131470210005
"Ifrd2",1.74163223838605,1.02302637394527,0.765816343622244,0.257210030323025,0.183218605573757,0.645131470210005
"Pdia4",1.3130919133845,0.984357685342594,0.72842785023111,0.255929835111485,0.172380865983494,0.645131470210005
"Ptk2b",1.58056131415506,1.01278888406845,0.75960530438189,0.253183579686563,0.185046833732,0.645131470210005
"Arhgef1",2.38870799993936,0.973375929961317,0.720304950992273,0.253070978969044,0.172385548093256,0.645131470210005
"H2afy",2.02360374082417,1.00985428107147,0.757004653504766,0.252849627566704,0.184541913052122,0.645131470210005
"S1pr2",0.432800534720007,0.628555285081865,0.377991067998009,0.250564217083856,0.037329580206756,0.645131470210005
"Klf1",0.844979605028074,0.841625185318778,0.592229722456031,0.249395462862747,0.128731327303054,0.645131470210005
"Hist1h4f",1.66844873797573,1.01278835141568,0.76397271256223,0.248815638853446,0.190569533343622,0.645131470210005
"Nfkbie",1.41842517902793,0.992693894661587,0.744096051414002,0.248597843247584,0.184484262749175,0.645131470210005
"Hist1h4h",1.97049149323529,1.0082918827128,0.760255470874065,0.248036411838739,0.190154945406824,0.645131470210005
"Txndc11",1.38519735853276,0.986296196950338,0.739671447296066,0.246624749654272,0.184964043520574,0.645131470210005
"Lpp",0.943033836875818,0.876104691527262,0.630227772521243,0.245876919006019,0.147061500513175,0.645131470210005
"Nusap1",1.54277953365162,1.00248083618377,0.756726383821321,0.245754452362451,0.191247652560674,0.645131470210005
"Malt1",1.14485634372588,0.938040619428008,0.693361072789419,0.244679546638589,0.171323174193278,0.645131470210005
"Smox",1.11721795150865,0.930820733216871,0.686439815663113,0.244380917553757,0.169195909925431,0.645131470210005
"Apol8",0.858482772884803,0.84183335298026,0.597705714013998,0.244127638966261,0.136029357937198,0.645131470210005
"Hist1h2bk",2.29204625478463,0.976523775242436,0.732607428805692,0.243916346436744,0.185310149300637,0.645131470210005
"Stap1",1.13660126958132,0.934800351323238,0.691323427944156,0.243476923379082,0.171801947376693,0.645131470210005
"Klf2",1.54209836298237,0.998333582477708,0.756668931632482,0.241664650845225,0.19521450317866,0.645131470210005
"Tm6sf1",1.05177443168543,0.908407413948654,0.66765037539467,0.240757038553984,0.166099504255968,0.645131470210005
"Trp53i11",1.85251736114324,1.00389240751534,0.764947785717415,0.238944621797929,0.200459059573904,0.645131470210005
"Samd14",0.983054744419531,0.883126319527909,0.644594885233968,0.238531434293941,0.159845552663925,0.645131470210005
"Apobec3",2.98197158686898,0.886369992179061,0.648121515591014,0.238248476588047,0.161452879223759,0.645131470210005
"Zfp318",1.22487088292807,0.949902791432701,0.711708670563378,0.238194120869322,0.184065024520882,0.645131470210005
"Icosl",1.06985322182275,0.910437840955342,0.673318121958741,0.2371197189966,0.171818149053751,0.645131470210005
"Fn3krp",0.955679694348188,0.871035100295754,0.634839376261122,0.236195724034632,0.158536569046421,0.645131470210005
"March1",1.78723246574684,1.00148641408514,0.765939119476866,0.235547294608272,0.204127595187383,0.645131470210005
"Neil1",0.512442143804184,0.66223044233103,0.427704828189884,0.234525614141146,0.0701706791452256,0.645131470210005
"Igkv19-93",0.485170602403635,0.644327446527643,0.411209900544681,0.233117545982962,0.0636968287634241,0.645131470210005
"Ybx3",2.69465503854589,0.908765137469338,0.676226732665427,0.23253840480391,0.177557478156103,0.645131470210005
"Arhgef18",1.49138660471856,0.983444111737807,0.752216320605412,0.231227791132395,0.204228282157399,0.645131470210005
"Tal1",0.829720127003765,0.815397823347064,0.58594283336941,0.229454989977654,0.146160088007279,0.645131470210005
"Cdk1",2.23725915538312,0.965994435388755,0.738615553926558,0.227378881462196,0.203885896237592,0.645131470210005
"Mgll",1.13246031151489,0.917309550856307,0.69029247308467,0.227017077771637,0.188250325924015,0.645131470210005
"Calm1",2.3102190549158,0.956798690326282,0.730509720937265,0.226288969389017,0.202423864441188,0.645131470210005
"Clca3a1",1.20150335633229,0.932307312140987,0.706563437436756,0.225743874704231,0.195128520134023,0.645131470210005
"Gpr183",0.943267756999545,0.854977243821693,0.630313644140928,0.224663599680765,0.168911613314307,0.645131470210005
"Clic1",2.05068126305982,0.978745385638428,0.75510898934307,0.223636396295358,0.21289635971655,0.645131470210005
"Kif21b",1.36658208824063,0.959328343881294,0.736987797191246,0.222340546690048,0.208606497339024,0.645131470210005
"Lmbrd1",2.23399408764267,0.960855805425738,0.738966019346012,0.221889786079725,0.209702538691155,0.645131470210005
"Cyb5a",1.41766278163558,0.965748886983619,0.744001409667637,0.221747477315982,0.211428466385269,0.645131470210005
"Spire1",0.987221256885403,0.867251900963897,0.6460521772195,0.221199723744397,0.178601497559661,0.645131470210005
"Eif2ak1",1.71568523355167,0.986637422182697,0.765523166569198,0.221114255613499,0.218662646293545,0.645131470210005
"Pxk",1.44380109945661,0.967386886441821,0.747079268070251,0.22030761837157,0.213891843798034,0.645131470210005
"Trac",0.869691897888738,0.822124484906716,0.60219130490893,0.219933179997786,0.163022281866313,0.645131470210005
"Prkcd",1.70671490182284,0.985201613334712,0.765302546636336,0.219899066698376,0.219858315314583,0.645131470210005
"Fcgr2b",0.990280976690842,0.86679303958363,0.647118291240272,0.219674748343358,0.180659676336122,0.645131470210005
"Minpp1",1.57256693366232,0.978542713282703,0.759058309230517,0.219484404052187,0.218414510238442,0.645131470210005
"Birc5",1.55561672785527,0.975585605876971,0.75778967599049,0.217795929886481,0.219799940150133,0.645131470210005
"Hist1h3e",2.97901691996237,0.86574402698343,0.648297255713736,0.217446771269694,0.183541074104983,0.645131470210005
"Il2rg",1.22239510182318,0.927527738373595,0.711185923185199,0.216341815188396,0.206673830650097,0.645131470210005
"S100a9",0.316740401213941,0.512371965507945,0.296376237822949,0.215995727684996,0.025010938973522,0.645131470210005
"Nfe2",0.822793067110601,0.797168269695083,0.583054737348881,0.214113532346202,0.161697383662636,0.645131470210005
"Stom",0.985409810097934,0.857185496835488,0.645419385607141,0.211766111228347,0.188805639654151,0.645131470210005
"Hist2h2ac",2.22812815318898,0.950906515113473,0.739570774721159,0.211335740392314,0.22111917036075,0.645131470210005
"Psd4",1.67137631687591,0.975298261465949,0.764086337334709,0.21121192413124,0.228641380427417,0.645131470210005
"Fcrla",0.975729733930457,0.852777094238632,0.642016036301039,0.210761057937593,0.188679303210624,0.645131470210005
"Stx2",1.04384289018092,0.87540593865792,0.665113019985218,0.210292918672702,0.197599909006007,0.645131470210005
"Cd40",0.840134887619954,0.799680312623753,0.590244854539903,0.209435458083849,0.170000418417967,0.645131470210005
"Gch1",1.14508896422828,0.901017983006233,0.693418154306791,0.207599828699442,0.210388047771913,0.645131470210005
"Gadd45b",0.721179224163269,0.743678352874309,0.53805016718265,0.205628185691659,0.152046397005598,0.645131470210005
"Trim58",0.778444046584937,0.769480771654112,0.564032671054536,0.205448100599576,0.163667456203989,0.645131470210005
"Gmip",1.67056569814797,0.968560308511241,0.764053368109461,0.20450694040178,0.23583562668402,0.645131470210005
"Il16",1.67400877512387,0.968242059612088,0.764192525669305,0.204049533942784,0.236371904894902,0.645131470210005
"Sept6",1.12478543842322,0.892207556171142,0.688362709412936,0.203844846758206,0.212923233445719,0.645131470210005
"Cmas",1.71455347192607,0.968347387147166,0.76550705928535,0.202840327861816,0.238064871136294,0.645131470210005
"Fmnl1",1.57680347367049,0.962196207757071,0.759364613880312,0.202831593876759,0.236294206920179,0.645131470210005
"Pkm",1.25393914100939,0.920056065780206,0.717603659954626,0.20245240582558,0.224030099997629,0.645131470210005
"Fnbp1",1.71288064852093,0.965519570924949,0.765464367547582,0.200055203377367,0.241091225734102,0.645131470210005
"Crip1",1.22748115395832,0.911906323300354,0.712244886762876,0.199661436537478,0.22547759371013,0.645131470210005
"Camp",0.221641740277197,0.418996638453321,0.220065807190775,0.198930831262546,0.00753216552351981,0.645131470210005
"Bcl7a",1.54238622729436,0.955098809295438,0.756693223813339,0.198405585482099,0.240379975035057,0.645131470210005
"Lef1",0.557263890262948,0.651427933943293,0.45368919669185,0.197738737251443,0.12059281266379,0.645131470210005
"Slc25a19",0.963804788997484,0.835403274811762,0.637765896563491,0.197637378248271,0.202331690804242,0.645131470210005
"Dnajb2",1.31994396098887,0.926717580838104,0.729599824832958,0.197117756005146,0.23376089976515,0.645131470210005
"H2-DMa",1.1952409012005,0.901950213478652,0.705161399641692,0.19678881383696,0.226494485939638,0.645131470210005
"Prc1",1.26261392797252,0.915847853330808,0.719345638629308,0.1965022147015,0.231299939186117,0.645131470210005
"Cdc6",1.28022638165658,0.919121017655921,0.72270393920611,0.19641707844981,0.232437745171354,0.645131470210005
"Cd3d",1.05335833985501,0.863931376379619,0.668154460266894,0.195776916112726,0.215367861095253,0.645131470210005
"Apoe",2.29891941229788,0.926496001348451,0.731838214515558,0.194657786832893,0.237225419522272,0.645131470210005
"Clec2d",2.69600720776809,0.870559215913091,0.676042583975698,0.194516631937393,0.219546241162346,0.645131470210005
"Rgs19",1.46271903412603,0.943549282338159,0.749233439772493,0.194315842565666,0.242769239138901,0.645131470210005
"Igha",0.226897779529021,0.418742377119644,0.224531130219947,0.194211246899697,0.0100102829372153,0.645131470210005
"Syvn1",1.57854289456205,0.953558728068498,0.759485331573054,0.194073396495444,0.245994149878519,0.645131470210005
"Chst3",0.903293263558639,0.807492809552068,0.615314199208597,0.192178610343471,0.200490159350503,0.645131470210005
"Mgst3",0.808817746382329,0.769210960538226,0.577159697618294,0.192051262919933,0.185446984100804,0.645131470210005
"Sipa1",2.96945904775587,0.839530857080951,0.648863657067691,0.19066720001326,0.214710610485297,0.645131470210005
"Sept1",2.11681122922406,0.940574198964642,0.74998763882876,0.190586560135882,0.247192947289844,0.645131470210005
"Ffar1",0.674071406199669,0.705537370009516,0.515394353122518,0.190143016886998,0.160579878632058,0.645131470210005
"Gfi1b",0.808648553358063,0.767078908172096,0.577087783606186,0.18999112456591,0.187994230973945,0.645131470210005
"Ncoa4",1.67684579405941,0.953724041381735,0.764305466187309,0.189418575194426,0.252565251433112,0.645131470210005
"Cd28",0.717918023111226,0.725707749172885,0.536520170798993,0.189187578373892,0.171507457882919,0.645131470210005
"Plekha2",0.915667412618991,0.809083743861321,0.620027688103105,0.189056055758216,0.206123929666615,0.645131470210005
"Nfatc1",0.81247213904787,0.767542422002743,0.578709769446357,0.188832652556386,0.190121821047592,0.645131470210005
"Zfp36l1",1.97685648282255,0.948555499779174,0.75991907444305,0.188636425336124,0.252220621438511,0.645131470210005
"Lax1",0.945122292297063,0.819234199749985,0.630993692619677,0.188240507130308,0.211213162031923,0.645131470210005
"Srgn",1.2952896982731,0.913572903717642,0.725417693788809,0.188155209928832,0.242750628673741,0.645131470210005
"Hsp90b1",3.8932859665348,0.756274203861279,0.56865113777791,0.187623066083369,0.187472625562548,0.645131470210005
"Snx2",1.63490682753869,0.950052691551226,0.762573578140834,0.187479113410392,0.254269785960325,0.645131470210005
"Cbfb",1.43138080923942,0.93294554156701,0.745647603015623,0.187297938551387,0.249689516537076,0.645131470210005
"Mxd1",1.01434001703353,0.842209906177762,0.655359917085484,0.186849989092278,0.22163384611073,0.645131470210005
"Hist1h2bb",4.7464789962824,0.877805070845573,0.691415933288512,0.186389137557061,0.234252615085184,0.645131470210005
"Bptf",2.35159173132876,0.911592927978304,0.725233746584003,0.186359181394301,0.244782977649025,0.645131470210005
"Adgre5",2.57228812718422,0.880373973046271,0.694065122210551,0.18630885083572,0.235197875414898,0.645131470210005
"Creld2",0.814804420096001,0.766003435803047,0.579695860819756,0.18630757498329,0.193727597518705,0.645131470210005
"Slc48a1",1.60593292780841,0.946660680217079,0.761058541628558,0.185602138588522,0.255977213462262,0.645131470210005
"Gimap7",1.13127317126674,0.874243334307464,0.689995318173318,0.184248016134147,0.236359745949792,0.645131470210005
"Man1a",2.67149769726945,0.863375980108994,0.679461381451641,0.183914598657353,0.233345327830829,0.645131470210005
"Ero1lb",1.02810808683303,0.843827288346013,0.659959281061682,0.183868007284331,0.226870360078059,0.645131470210005
"Sp110",1.74107042628614,0.949556125814521,0.765812453932737,0.183743671881784,0.259398576041238,0.645131470210005
"Lck",1.64517411690478,0.94619479495268,0.763027057600697,0.183167737351983,0.259293116974747,0.645131470210005
"Smim14",0.926487108701489,0.806474808397686,0.624097105032237,0.182377703365448,0.215985763586535,0.645131470210005
"Plekhg2",1.31599160731668,0.910847787800632,0.728925456579304,0.181922331221329,0.251068324008572,0.645131470210005
"Selenop",2.66060477644939,0.862698740504442,0.681022037791844,0.181676702712597,0.236573062489684,0.645131470210005
"Cd5l",0.933867268758709,0.808311608978156,0.62684602683582,0.181465582142336,0.218147919930318,0.645131470210005
"Kifc1",1.6090262953931,0.942616546360498,0.761235487318296,0.181381059042202,0.260847769309998,0.645131470210005
"Fam241a",1.07932244236528,0.856154546946896,0.676178733091824,0.179975813855072,0.237074837296777,0.645131470210005
"DEPRECATED_ENSMUSG00000090523",0.98043011823735,0.823641453099589,0.643673599393217,0.179967853706372,0.22606913539565,0.645131470210005
"Als2cl",0.864007332825715,0.779185211721119,0.599923454582021,0.179261757139098,0.210837142147238,0.645131470210005
"Gimap9",1.09851517100936,0.859948535774193,0.681579852085449,0.178368683688744,0.240800143213872,0.645131470210005
"Nudt4",1.21492884330489,0.887704810510765,0.709549715125674,0.178155095385091,0.249780364016458,0.645131470210005
"Jak3",1.5398201092793,0.933978012483724,0.75647601597121,0.177501996512514,0.264028069632014,0.645131470210005
"Cap1",2.08722035880632,0.929766648516446,0.752411474273804,0.177355174242641,0.263086119616848,0.645131470210005
"Evi5",1.16162834249649,0.873980337465147,0.697407167081747,0.1765731703834,0.247987316251707,0.645131470210005
"Fam107b",1.60984464419977,0.937659523527195,0.761281962612093,0.176377560915102,0.266635384316214,0.645131470210005
"Arpc5l",0.951170737307083,0.809184454758842,0.633202428467269,0.175982026291573,0.227422759854807,0.645131470210005
"Cyfip2",1.52090325906267,0.929510977545965,0.754916922674395,0.174594054871569,0.266996949150813,0.645131470210005
"Kbtbd11",0.90760184050736,0.791321776922637,0.616962824229531,0.174358952693106,0.22363957952734,0.645131470210005
"Esyt1",1.9401495745875,0.934964844302413,0.761895389673816,0.173069454628597,0.270651611875894,0.645131470210005
"Cst3",2.95297383492151,0.822567766796684,0.649991951619975,0.172575815176709,0.237624474372671,0.645131470210005
"Bsg",2.31693759919444,0.901562931166519,0.729671316698883,0.171891614467636,0.263210427412625,0.645131470210005
"Runx3",1.66945396217092,0.935881426150351,0.764011120088245,0.171870306062106,0.27261234192899,0.645131470210005
"DEPRECATED_ENSMUSG00000061232",4.51517058894431,0.797963361480515,0.626208027643784,0.171755333836731,0.230391404723207,0.645131470210005
"Cln8",1.47299632582437,0.920891538289214,0.750339039162938,0.170552499126277,0.27052332427965,0.645131470210005
"Mef2c",0.841803249763876,0.761087461706966,0.590929554655615,0.170157907051352,0.2193703730458,0.645131470210005
"H2-Q7",2.12946689573522,0.918085237081677,0.748943582217769,0.169141654863908,0.271824511589579,0.645131470210005
"Stk17b",2.01492585642347,0.926684883373447,0.757614494607696,0.169070388765751,0.274219569283791,0.645131470210005
"Sypl",0.741158490613681,0.716332707905187,0.547303630739186,0.169029077166001,0.203128993696421,0.645131470210005
"Igfbp7",3.21252649141233,0.804658907532275,0.635814962748239,0.168843944784036,0.237582390036604,0.645131470210005
"Nuggc",0.319947040335835,0.467302613735651,0.298792326402401,0.16851028733325,0.0646879236085505,0.645131470210005
"Tpi1",1.32529541930449,0.898397723171367,0.730505814254732,0.167891908916636,0.268277135923748,0.645131470210005
"Prkce",0.883816807435872,0.775448867107953,0.607766095512463,0.167682771595489,0.229068038518688,0.645131470210005
"Hagh",0.868667264540422,0.769298828937331,0.601783635937494,0.167515192999837,0.227065352603638,0.645131470210005
"Ptpn18",1.77178690630679,0.931461264963282,0.765947072923046,0.165514192040235,0.280590837106336,0.645131470210005
"Cd2",1.00579283836569,0.817706455359172,0.652460931680048,0.165245523679124,0.247919411619894,0.645131470210005
"Cd4",0.605189566734529,0.644950478914113,0.480011951654832,0.164938527259281,0.177741532967501,0.645131470210005
"Bach2",0.633923031708059,0.659496693033553,0.495109946765029,0.164386746268523,0.185973439028937,0.645131470210005
"Brwd1",2.08568539881885,0.916654298250022,0.752535665320577,0.164118632929445,0.278784464195371,0.645131470210005
"Cd3e",1.30392984766767,0.890714026282994,0.726889293214529,0.163824733068465,0.272237261538186,0.645131470210005
"Sphk1",0.803162144220736,0.738567441893991,0.574748707390026,0.163818734503965,0.221700843103446,0.645131470210005
"Mrc1",0.719577340655223,0.700788888590736,0.537299327346904,0.163489561243832,0.206611225775061,0.645131470210005
"Serpina3g",1.06379533774824,0.834781794121295,0.6714544546912,0.163327339430095,0.256522224443825,0.645131470210005
"Hcls1",1.4397424771929,0.909724223585093,0.746615761648772,0.16310846193632,0.27844473300762,0.645131470210005
"Ets1",1.73961951267328,0.928342380406298,0.765802148148935,0.162540232257363,0.284083126144433,0.645131470210005
"Ltf",0.22706238129754,0.386609196003474,0.22467048139099,0.161938714612484,0.0262964400965582,0.645131470210005
"Sh2b3",1.38537915681826,0.901510065025995,0.739697476803774,0.161812588222222,0.278181761937561,0.645131470210005
"Mt2",0.746341705774358,0.711292380146965,0.54967067532548,0.161621704821485,0.214564734566577,0.645131470210005
"Etnk1",2.0370999085803,0.917023581220823,0.7560452546432,0.160978326577623,0.283469782028508,0.645131470210005
"Arhgap9",1.5876683892622,0.920821747864612,0.760020694028914,0.160801053835698,0.284697607796723,0.645131470210005
"Actr3",2.40316615293088,0.879080376080084,0.71828780155048,0.160792574529605,0.273598209937431,0.645131470210005
"Col1a2",1.29561595959543,0.886082688038503,0.72547366413408,0.160609023904423,0.275813575591017,0.645131470210005
"Dgkd",1.50308778187385,0.913603415453232,0.753335232200166,0.160268183253066,0.28363071511288,0.645131470210005
"Traj12",0.602527717712451,0.638722726543939,0.478588039274861,0.160134687269078,0.184123035129006,0.645131470210005
"Pf4",0.254844213992889,0.407823955619682,0.247769504348927,0.160054451270755,0.041184786117066,0.645131470210005
"Pgam1",1.33505739149344,0.891461559073153,0.732134866405998,0.159326692667155,0.279207538630846,0.645131470210005
"Mcm2",1.54612709099601,0.915589967376484,0.757007211245507,0.158582756130977,0.286606020312153,0.645131470210005
"Mtfr1",1.05283092275191,0.826379652200337,0.667986704193856,0.158392948006481,0.261855309379375,0.645131470210005
"Hist1h2bn",5.19891182051663,0.997512898640189,0.83916904786735,0.158343850772839,0.305934582371297,0.645131470210005
"Axl",1.31141584086551,0.886105621097501,0.728146577643405,0.157959043454097,0.27982825646818,0.645131470210005
"Dennd1c",0.926087194689914,0.781086369623185,0.623947518016587,0.157138851606598,0.249127956238548,0.645131470210005
"Hk1",1.14749116553802,0.8505973969697,0.694006540864606,0.156590856105094,0.272009394092339,0.645131470210005
"Igfbp3",0.526638196565603,0.592271531045169,0.436082658393304,0.156188872651866,0.167740472833141,0.645131470210005
"Dbi",1.09258406326666,0.836125863815061,0.680008731414818,0.156117132400243,0.268497509579732,0.645131470210005
"Fchsd2",1.27121271840497,0.876899641938039,0.721022106643652,0.155877535294387,0.280501339774637,0.645131470210005
"Arhgap26",0.890628432350114,0.76620583159259,0.610424378966743,0.155781452625847,0.246274565692132,0.645131470210005
"Mns1",1.11673605885372,0.842024604872045,0.686316685706081,0.155707919165964,0.270902453673994,0.645131470210005
"Ngp",0.199550410140091,0.356589382820502,0.200960626651659,0.155628756168843,0.0186486950701203,0.645131470210005
"Vasp",2.28234877792171,0.888602734008358,0.733687041585551,0.154915692422807,0.28508804496097,0.645131470210005
"Klri1",0.794819985174084,0.725482227935755,0.57116442987256,0.154317798063195,0.23375380617015,0.645131470210005
"Psmb9",1.84146280012708,0.919058810141805,0.7651673288964,0.153891481245405,0.294311423841728,0.645131470210005
"Pheta2",0.775245588918062,0.714971292946492,0.562624319967137,0.152346972979355,0.233261234523907,0.645131470210005
"9930111J21Rik1",1.16136378832674,0.849517053673335,0.69734456454425,0.152172489129086,0.278667447094466,0.645131470210005
"Atp1b2",0.807603778399217,0.728657327955697,0.576643420459454,0.152013907496243,0.23919537021735,0.645131470210005
"Fam169b",0.767843649482539,0.711248904248142,0.559346267570582,0.15190263667756,0.23260952310432,0.645131470210005
"Sema4d",0.825485065365322,0.735752075405474,0.584179664992703,0.151572410412771,0.242677468819024,0.645131470210005
"Elmo1",1.09456881616873,0.831962704912997,0.680535895673605,0.151426809239393,0.274802621250103,0.645131470210005
"Ccnf",1.42490426749066,0.895839413917822,0.744885373764051,0.15095404015377,0.292892451197413,0.645131470210005
"Ly6d",0.60387981735159,0.629951876201355,0.479311911333504,0.150639964867851,0.199017332533545,0.645131470210005
"Vim",1.37325812403859,0.888527552831012,0.737955294314877,0.150572258516135,0.291612265776512,0.645131470210005
"Eif2ak3",1.57662380839922,0.90983965130321,0.759351703120416,0.150487948182794,0.297043811533702,0.645131470210005
"Slamf1",0.578391137767376,0.615385469004565,0.46547336001108,0.149912108993485,0.193229315118045,0.645131470210005
"Cyth4",2.13879332763893,0.897851399428819,0.748106477527313,0.149744921901506,0.295198171648667,0.645131470210005
"Ccdc50",0.737837010339923,0.695254830273579,0.545779721573025,0.149475108700554,0.230721706417083,0.645131470210005
"Cybb",0.958784608042071,0.784996197655648,0.6359606690473,0.149035528608348,0.264288514823261,0.645131470210005
"Ctsh",1.04984042356824,0.815632540294333,0.667033690750948,0.148598849543385,0.274565426087353,0.645131470210005
"Hist1h1a",4.99707782503113,0.940741211788692,0.79220923956449,0.148531972224202,0.307067742848462,0.645131470210005
"Pnp",2.03575000636485,0.904143629265924,0.756137166208152,0.148006463057772,0.29931818381867,0.645131470210005
"Hmgn1",1.74779218433202,0.913424945260461,0.765855312801611,0.147569632458851,0.302176972025607,0.645131470210005
"Selplg",1.2179030278901,0.856637364403971,0.710203586414036,0.146433777989936,0.289635081271316,0.645131470210005
"Lbh",1.74764018985985,0.911585838336994,0.765854432151602,0.145731406185392,0.304431997393321,0.645131470210005
"Rab4b",1.35671709137523,0.881109956052073,0.735535754990024,0.145574201062049,0.297289243803235,0.645131470210005
"Wdr1",2.00249657312076,0.90381666270725,0.758416419041178,0.145400243666072,0.303087910791871,0.645131470210005
"Tfeb",0.862767148413507,0.744275661652218,0.599426739949192,0.144848921703026,0.25790863590167,0.645131470210005
"Rhof",0.863262703126421,0.74336319337695,0.599625296662349,0.143737896714601,0.259590388097925,0.645131470210005
"Anxa6",1.42442216237372,0.887880178943192,0.744828200880413,0.14305197806278,0.302764131551338,0.645131470210005
"Rcsd1",1.14490582240791,0.836224988448231,0.693373215645553,0.142851772802678,0.289783463686478,0.645131470210005
"Pecam1",0.935920507632436,0.770015168978194,0.627606353306863,0.142408815671331,0.270872955006092,0.645131470210005
"Ehbp1l1",2.146628498642,0.88976905637783,0.747382292775899,0.142386763601931,0.304217518820371,0.645131470210005
"Sh3kbp1",1.36536187674228,0.878881072006782,0.73680964522384,0.142071426782942,0.302051597814629,0.645131470210005
"Nfkb2",1.16521642120629,0.839703124709253,0.698253910709373,0.14144921399988,0.292964993455232,0.645131470210005
"Ppp1r16b",0.84592800530661,0.7340243573104,0.592616917372003,0.141407439938397,0.260547898858825,0.645131470210005
"Snx20",0.775176969739025,0.703946735802255,0.562594051853996,0.141352683948258,0.249635403274741,0.645131470210005
"Camk2d",1.50087615349211,0.893962527629607,0.753126243018935,0.140836284610672,0.307529508501252,0.645131470210005
"Dock10",0.8510684882381,0.735082984825416,0.594708755276537,0.140374229548879,0.262802799989036,0.645131470210005
"Helz2",0.992001687253116,0.78808969545917,0.647716341426973,0.140373354032197,0.280020692895235,0.645131470210005
"Isg15",0.766113536269589,0.698640172958575,0.558576252767872,0.140063920190703,0.250062525991651,0.645131470210005
"Txnrd2",0.932443563916612,0.766378855525351,0.626317658332397,0.140061197192954,0.273803121297281,0.645131470210005
"H2-Eb2",0.572058715586696,0.601949124242575,0.461971273853602,0.139977850388973,0.207594382319781,0.645131470210005
"Celf2",1.50559864288799,0.893259249124019,0.753571096093648,0.139688153030371,0.309075935268441,0.645131470210005
"Slfn2",1.37853636095236,0.877958306681383,0.738711637792911,0.139246668888472,0.306115594429315,0.645131470210005
"Def6",1.36317194428945,0.875160677441179,0.736488887465663,0.138671789975516,0.306315323548267,0.645131470210005
"Irf5",1.42845317803858,0.883915572984967,0.745304388297795,0.138611184687172,0.308497230775195,0.645131470210005
"Il4ra",1.05318540829133,0.806615284434208,0.668099466360465,0.138515818073743,0.288584942394871,0.645131470210005
"Txk",0.65460211498249,0.644116040349687,0.505673269184544,0.138442771165143,0.230799690673594,0.645131470210005
"Ppp3ca",1.74875112601879,0.903801338198775,0.765860774792331,0.137940563406444,0.314073611965453,0.645131470210005
"Skap1",0.538791362108688,0.581042825366242,0.443145367574892,0.13789745779135,0.201356171950161,0.645131470210005
"Ada",0.600600751724303,0.61501430137861,0.477554212981527,0.137460088397084,0.21945600462651,0.645131470210005
"Dennd4b",1.64123528871029,0.90011352258529,0.762855608159274,0.137257914426015,0.314250453151674,0.645131470210005
"Myo1c",1.3452825563369,0.870548958742485,0.733756679067959,0.136792279674526,0.308073237154042,0.645131470210005
"Ces2g",0.717136379172762,0.672579375889059,0.536152645438611,0.136426730450448,0.246908132160341,0.645131470210005
"Ppp1cb",2.46856280821849,0.845636622167164,0.709263726124489,0.136372896042676,0.302563696547299,0.645131470210005
"Ctso",1.13736121594497,0.827763923510324,0.691511986303693,0.136251937206631,0.298110134021863,0.645131470210005
"Pqlc1",1.30078717648145,0.862530505769666,0.726356579831361,0.136173925938305,0.307082409471183,0.645131470210005
"Bend5",0.724330529981293,0.675551155259609,0.539523404204656,0.136027751054953,0.248889618546223,0.645131470210005
"Trbc1",0.6587803075255,0.643615794026246,0.507777511895992,0.135838282130254,0.23595585622152,0.645131470210005
"Abcg2",0.801507366183924,0.709840162697253,0.574040486402489,0.135799676294764,0.262338602494612,0.645131470210005
"Sh2b2",0.541223562596611,0.580167020047036,0.444546480374053,0.135620539672983,0.206000794751596,0.645131470210005
"Mfsd2b",0.750503206794285,0.686660615035246,0.551561448720366,0.135099166314881,0.255055932702491,0.645131470210005
"Dtx1",0.706201419320733,0.665911118916899,0.530976428374985,0.134934690541914,0.247187873067782,0.645131470210005
"Erp44",1.13108510527311,0.824857713176546,0.689948197866017,0.134909515310529,0.299509229765989,0.645131470210005
"Rasa3",1.20899190014418,0.842678762860682,0.708236172332148,0.134442590528534,0.304863835329165,0.645131470210005
"Trim12a",0.99434259440793,0.782605195755763,0.648528211642744,0.134076984113019,0.289124938487085,0.645131470210005
"Psmb10",1.38265743476311,0.872924475637801,0.73930686235939,0.13361761327841,0.313480589068318,0.645131470210005
"Cd53",1.0224083507237,0.791444737796641,0.658070674057336,0.133374063739305,0.292873657100154,0.645131470210005
"Ly6e",2.229418796944,0.872356822554388,0.73943795120707,0.132918871347318,0.314412548722772,0.645131470210005
"Hdgf",2.56601384289082,0.827817315001576,0.695022879240264,0.132794435761312,0.303699421267969,0.645131470210005
"Srpk3",0.625192550209293,0.62333129919756,0.490575402873701,0.132755896323859,0.233398359123569,0.645131470210005
"Ttpal",1.03449189233699,0.79479289926627,0.662060933868096,0.132731965398174,0.294903328725431,0.645131470210005
"Clec2i",0.904566759621309,0.748238551617383,0.615802269528913,0.13243628208847,0.281523001260247,0.645131470210005
"Jakmip1",0.765464814550831,0.690511963749699,0.55828715491511,0.132224808834588,0.262100290107499,0.645131470210005
"S100a8",0.212708992607287,0.344090217006223,0.212406986554329,0.131683230451895,0.0477454041342174,0.645131470210005
"Plek",0.840744699879459,0.721500271866236,0.590495264852294,0.131005007013942,0.275390414427695,0.645131470210005
"H2-M3",1.26170962917417,0.849943244088601,0.719165103463852,0.130778140624749,0.312419837220775,0.645131470210005
"Gga2",0.820014141959841,0.712405458795,0.58188962029548,0.130515838499519,0.273203474587537,0.645131470210005
"Iglc2",0.749932317650504,0.681791755017666,0.55130257406951,0.130489180948156,0.262229625734553,0.645131470210005
"Fam220a",0.38191349795979,0.356711060417053,0.343636012752325,0.0130750476647279,0.459252376285154,0.645131470210005
"Rel",0.654675848074768,0.635605281666741,0.505710488208662,0.129894793458079,0.244874460368234,0.645131470210005
"Foxo3",1.11164643344242,0.814592189790259,0.685011210745947,0.129580979044312,0.305486728536803,0.645131470210005
"Psat1",0.798091393475822,0.701824238399208,0.57257404651351,0.129250191885699,0.271918179191327,0.645131470210005
"Ly86",0.757019904677645,0.683281745667179,0.554505053419576,0.128776692247603,0.266147672455082,0.645131470210005
"Emb",0.739275314725288,0.674737492153794,0.546440302016392,0.128297190137402,0.263901535575202,0.645131470210005
"Sox6",0.6389627464088,0.625829030197261,0.497707351929701,0.128121678267561,0.244394954911281,0.645131470210005
"Arl4c",0.670601986977697,0.641742875232665,0.51367798735387,0.128064887878795,0.251296519979805,0.645131470210005
"Fcer2a",0.5766143717516,0.592550874486311,0.464493288529624,0.128057585956687,0.229236787900552,0.645131470210005
"Rubcn",0.696588161928747,0.654418749890406,0.526373271093039,0.128045478797367,0.25650859550404,0.645131470210005
"Plekho1",1.05253192382322,0.795684782077813,0.667891558554551,0.127793223523262,0.303442396716594,0.645131470210005
"Tnfaip8",0.949119710126911,0.760132092723866,0.632455020027112,0.127677072696754,0.293612981330019,0.645131470210005
"Thy1",0.513458323394907,0.555868479876736,0.428309309530033,0.127559170346703,0.211605061699665,0.645131470210005
"Plvap",1.09925744396825,0.808762730601455,0.681775584496092,0.126987146105362,0.308232062599573,0.645131470210005
"Birc3",0.851587618615949,0.721661113000958,0.594919368692591,0.126741744308367,0.283361743530607,0.645131470210005
"Evi2b",0.937011711747494,0.754571841178996,0.628009763229254,0.126562077949742,0.293933858243064,0.645131470210005
"Hdac9",0.868788797095462,0.728140415858614,0.601832013132988,0.126308402725626,0.286252112345516,0.645131470210005
"Trim7",0.751303498015216,0.677755809033959,0.55192407629856,0.125831732735399,0.269912406873662,0.645131470210005
"Card11",0.698968511499198,0.653233119696285,0.527517621530504,0.125715498165782,0.260809926282345,0.645131470210005
"Dnase1l3",0.805940525567538,0.701398453891757,0.575934972926251,0.125463480965506,0.279005253041872,0.645131470210005
"Rnase6",0.919273368397607,0.746499392867343,0.621389098724094,0.125110294143249,0.294109077912126,0.645131470210005
"Micall2",0.823111336690331,0.708168167476802,0.583187905036738,0.124980262440063,0.282211077411565,0.645131470210005
"DEPRECATED_ENSMUSG00000051506",1.00815888346069,0.777793770582821,0.653266058857359,0.124527711725463,0.304114686869614,0.645131470210005
"Eno1",1.12674704279987,0.812757277066727,0.688857882259373,0.123899394807354,0.314311922862505,0.645131470210005
"Ncf2",0.926973260129992,0.748059712448215,0.624278864058438,0.123780848389777,0.296952020942974,0.645131470210005
"S1pr4",0.944708654310914,0.754605030211144,0.630842128707898,0.123762901503246,0.298901209693703,0.645131470210005
"Haao",0.614863988200457,0.608812611694206,0.485150769691876,0.123661842002329,0.246535950256021,0.645131470210005
"Hist1h2ag",1.16506073246328,0.8216929325186,0.698217259506336,0.123475673012264,0.317197705069243,0.645131470210005
"Lilrb4a",1.00386801611855,0.774920182954209,0.651804456772476,0.123115726181732,0.305752372154834,0.645131470210005
"DEPRECATED_ENSMUSG00000011008",0.793478087077072,0.693579248187343,0.570584776822816,0.122994471364527,0.281073347464591,0.645131470210005
"Inpp4b",0.684313959508425,0.643341949139203,0.520423035559495,0.122918913579708,0.262669709392819,0.645131470210005
"Prag1",0.650840307259732,0.626678164068029,0.50377030538625,0.122907858681778,0.255888691529021,0.645131470210005
"Srebf2",1.63132236413048,0.885030127926162,0.762410224096156,0.122619903830006,0.332692285648649,0.645131470210005
"Clec9a",0.746922341271791,0.672146164592801,0.549935002605584,0.122211161987217,0.275056294999273,0.645131470210005
"Ctsz",1.91811582319383,0.884969226508257,0.762853602498627,0.12211562400963,0.333429781468379,0.645131470210005
"Grcc10",1.18771377107866,0.825159374573846,0.703459475779181,0.121699898794666,0.320887879464865,0.645131470210005
"Tap1",1.21515142642486,0.83100117047181,0.709598745771925,0.121402424699885,0.32273471811308,0.645131470210005
"Slc25a4",1.04931637436825,0.787926069696628,0.666866366966146,0.121059702730482,0.312716887372166,0.645131470210005
"Gpi1",2.33580620671173,0.847942564846162,0.727288373968482,0.120654190877681,0.327759395179927,0.645131470210005
"Sash3",0.7738143633311,0.682013000340673,0.56199253523239,0.120020465108284,0.282886526595905,0.645131470210005
"Zdhhc18",1.10227597707928,0.802316237997442,0.682569515582124,0.119746722415318,0.318548868077803,0.645131470210005
"Pou2f2",0.786032251962819,0.687080715215111,0.567353104319762,0.119727610895349,0.285196201312394,0.645131470210005
"Mllt6",0.994031447126161,0.767935311874132,0.648420415069521,0.119514896804611,0.310072660299322,0.645131470210005
"Sh3tc2",0.679534440099971,0.637498230577466,0.518083599700422,0.119414630877045,0.267689581219949,0.645131470210005
"Adam33",0.388302607011122,0.467020960472767,0.348067333850121,0.118953626622646,0.179045709325343,0.645131470210005
"Fam214b",0.935269604077292,0.745847830400923,0.627365498086313,0.11848233231461,0.305778307120467,0.645131470210005
"Herpud1",1.54559272333134,0.874964237319776,0.756962551818389,0.118001685501387,0.337535908176428,0.645131470210005
"Tut4",1.05789890253021,0.787425572101618,0.669594708216627,0.117830863884991,0.318032467572953,0.645131470210005
"Helq",0.695047818721883,0.643460196159248,0.525631145836853,0.117829050322396,0.273319540747866,0.645131470210005
"Lig1",1.27070571018617,0.838743061011332,0.720926781013367,0.117816279997965,0.330164262027232,0.645131470210005
"Nadk2",1.22291379060477,0.828163495171364,0.711298946395349,0.116864548776016,0.329313379127659,0.645131470210005
"Snx29",1.78215531417059,0.882686547317686,0.765956184488147,0.11673036282954,0.340971903461297,0.645131470210005
"Itgal",0.931230121542382,0.742489120082955,0.625866419203919,0.116622700879036,0.308157727701842,0.645131470210005
"Plaur",1.04480283113423,0.782026239094634,0.66542127850671,0.116604960587924,0.318741249232046,0.645131470210005
"Cdc25b",1.21971588908757,0.827148563593045,0.710600784447367,0.116547779145678,0.329590114101032,0.645131470210005
"Abhd17b",1.24078232559834,0.831092089204024,0.714944014916276,0.116148074287747,0.331105514346059,0.645131470210005
"Smoc2",0.887411001742304,0.725276644733436,0.609171342085057,0.116105302648379,0.304140831543805,0.645131470210005
"Otulin",1.21114605741249,0.824655812742788,0.70871406131472,0.115941751428068,0.329997545550798,0.645131470210005
"Itk",0.8627215339123,0.71518297977658,0.59940845805769,0.11577452171889,0.301743822839247,0.645131470210005
"Carmil2",0.744388257776854,0.664462671766442,0.548780159391005,0.115682512375438,0.285405386554503,0.645131470210005
"Hyou1",0.89541561109016,0.72773248507126,0.612280401546465,0.115452083524795,0.306057626498412,0.645131470210005
"Grap",1.11372061754751,0.800949391177073,0.685544339544071,0.115405051633002,0.325388538148107,0.645131470210005
"Slc38a5",0.629461782084808,0.608041745255439,0.492798373131075,0.115243372124364,0.264721512162868,0.645131470210005
"Rrm1",1.79737734520927,0.88106081302018,0.765892112208751,0.115168700811429,0.342972797909966,0.645131470210005
"Zfpm1",0.829209611830107,0.70054170873259,0.585730717130376,0.114810991602214,0.29906321320945,0.645131470210005
"Map2k1",0.925760386772129,0.738599675370539,0.62382522934196,0.114774446028578,0.31038777409933,0.645131470210005
"Bmyc",0.77752368356465,0.678373022977919,0.563627915627048,0.114745107350871,0.292033912231801,0.645131470210005
"Rasa2",0.869502591447987,0.716627332755409,0.602116019412368,0.114511313343041,0.304530413636705,0.645131470210005
"Sowaha",0.66759328619938,0.626653158462118,0.512183918630653,0.114469239831465,0.273923112348738,0.645131470210005
"Egfl7",0.918275173509401,0.735466599789828,0.621012754146336,0.114453845643491,0.310086951110932,0.645131470210005
"Pde7a",1.27509167863913,0.836201389826402,0.72174885422343,0.114452535602972,0.334898557090324,0.645131470210005
"Arpc2",1.09111801957563,0.793755962902729,0.679618424349085,0.114137538553644,0.325773239559487,0.645131470210005
"Rufy3",0.906504468108574,0.730663195650678,0.61654364064515,0.114119555005528,0.309334242367923,0.645131470210005
"Mybl2",1.39393259039078,0.854877150582478,0.740912200917496,0.113964949664982,0.339573466920098,0.645131470210005
"Gdpd2",0.692631421963081,0.638215039011548,0.52446439325703,0.113750645754518,0.27986795066959,0.645131470210005
"Gcsam",0.280831067444769,0.382150280321393,0.268642675065898,0.113507605255495,0.127936426341462,0.645131470210005
"Inpp5d",1.5992926554827,0.873989948720113,0.760676649291193,0.11331329942892,0.344365915214891,0.645131470210005
"Stat3",0.975864343361279,0.755336893358118,0.642063709004271,0.113273184353847,0.317603783638697,0.645131470210005
"Fam43a",0.771228335661859,0.673968984333872,0.560848494491493,0.113120489842379,0.293779712517343,0.645131470210005
"Ebf1",0.580083012347977,0.579505039533161,0.466404761986915,0.113100277546246,0.257172526879556,0.645131470210005
"Grb2",1.69642885633992,0.878009023196001,0.76501682681329,0.112992196382711,0.345619072553173,0.645131470210005
"Kctd12",1.57872342026702,0.872432904826237,0.759496098029945,0.112936806796292,0.344627498582053,0.645131470210005
"Rassf6",0.270885971350325,0.373432128818981,0.26073627594898,0.112695852870001,0.122560572319365,0.645131470210005
"Ctss",2.01268439120822,0.869909365515605,0.757770577591673,0.112138787923931,0.345335394489301,0.645131470210005
"Mt1",0.905100811005752,0.728121728203765,0.616006750346248,0.112114977857517,0.312271673258413,0.645131470210005
"Mcm3",1.41693448876629,0.855768922512505,0.743910860309302,0.111858062203203,0.342979807286196,0.645131470210005
"Bcl11a",0.856028076963389,0.708546567953558,0.596716117127114,0.111830450826443,0.307144301125722,0.645131470210005
"Itgb7",0.56365619832798,0.568989113576426,0.457285052804798,0.111704060771628,0.255628670079809,0.645131470210005
"Carhsp1",0.927894299803126,0.736118565876472,0.624622960869328,0.111495605007144,0.315612356592111,0.645131470210005
"Plec",1.34106708244475,0.844416149622094,0.7330916203271,0.111324529294994,0.341506678436544,0.645131470210005
"Sesn3",0.696247391020081,0.637438781918459,0.526209199255175,0.111229582663284,0.284876077326727,0.645131470210005
"Cyba",2.1853053933331,0.854895178691095,0.743806628781062,0.111088549910033,0.343982274611785,0.645131470210005
"Nrros",0.858826491271008,0.708716041718026,0.597844075384105,0.110871966333921,0.308995657344784,0.645131470210005
"Fli1",1.27935438604658,0.832876748484844,0.722542297913134,0.11033445057171,0.340671227657083,0.645131470210005
"Grk2",2.99542643420892,0.757350432570953,0.647353216649577,0.109997215921376,0.323862361420374,0.645131470210005
"Polr2g",1.42082818084649,0.854039718842314,0.744393364897742,0.109646353944572,0.346018420486324,0.645131470210005
"Cbx7",1.6631676153988,0.87323798132868,0.763767689898679,0.109470291430001,0.349961296617525,0.645131470210005
"Gclc",1.18992457457073,0.813357390044581,0.703961255924513,0.109396134120068,0.338015150250363,0.645131470210005
"Prkcq",0.485022550304758,0.520483549299305,0.411118886397779,0.109364662901526,0.237198510205805,0.645131470210005
"Slc2a1",0.708295486697728,0.641182870068434,0.531972678165781,0.109210191902653,0.290456930226264,0.645131470210005
"Pfkp",0.893975833785666,0.720730543362683,0.611723180366262,0.109007362996421,0.315902521425862,0.645131470210005
"Rnf41",1.4168526686937,0.85251102786763,0.743900678911161,0.108610348956469,0.347303862970219,0.645131470210005
"Ptpn1",1.39184157980484,0.849049804880506,0.740617036718727,0.108432768161778,0.346899170351718,0.645131470210005
"Bzw2",1.2164223274224,0.818219130711356,0.709878402403067,0.108340728308289,0.34075444376122,0.645131470210005
"Pten",1.59274671577958,0.868571103583478,0.760310824941587,0.10826027864189,0.350897791201126,0.645131470210005
"Cyb561a3",0.744872983106565,0.656877903655421,0.549001307935394,0.107876595720027,0.298612604470822,0.645131470210005
"Filip1l",0.963584532364936,0.745057756010481,0.637686893399464,0.107370862611018,0.325354874772201,0.645131470210005
"Sbk1",0.748191043190328,0.657210860060203,0.550511980689812,0.106698879370391,0.301116435608099,0.645131470210005
"Cd180",0.699266966666214,0.634196161594978,0.527660891204854,0.106535270390124,0.293589210765109,0.645131470210005
"Rffl",1.5317894036181,0.86220947005771,0.755804449861772,0.106405020195938,0.352499936512133,0.645131470210005
"Tgfbr2",1.1129000838852,0.79152465058453,0.685333619513168,0.106191031071362,0.338460457707064,0.645131470210005
"Il4i1",0.620898605004855,0.59437946568126,0.488327893145414,0.106051572535846,0.279611251968989,0.645131470210005
"Ccnb2",1.14525344438922,0.799398257372748,0.693458504101719,0.10593975327103,0.340605126895731,0.645131470210005
"Fbxo9",1.48061268130873,0.85673158550782,0.751127548610455,0.105604036897365,0.352689472837045,0.645131470210005
"Cd38",0.550546653101847,0.555234829426689,0.449880992535137,0.105353836891551,0.264434120482378,0.645131470210005
"Ptpn22",1.25756117971514,0.823521710146369,0.71833375566382,0.105187954482549,0.346874774032169,0.645131470210005
"Slc9a7",0.661186118273704,0.614075449978135,0.508984693701411,0.105090756276724,0.289372297813089,0.645131470210005
"Bsdc1",1.29657481259693,0.830694635055089,0.725637973200449,0.105056661854641,0.348519149969578,0.645131470210005
"Gramd1a",1.00899397068148,0.758332695083301,0.653549744782316,0.104782950300984,0.333183830454319,0.645131470210005
"Star",0.573302853629673,0.567316277835629,0.462661331905181,0.104654945930448,0.27150188545933,0.645131470210005
"Rassf5",1.22074269246171,0.815128529562352,0.710825302105283,0.104303227457069,0.346574880898864,0.645131470210005
"Izumo1r",0.396430764182489,0.457915666949481,0.353654878559366,0.104260788390115,0.213956457620184,0.645131470210005
"Kmt2a",1.53578664204098,0.86035418334171,0.756131595363292,0.104222587978418,0.355447431141398,0.645131470210005
"Ltk",0.443787017543542,0.489124615564656,0.385133997872823,0.103990617691833,0.233893496674328,0.645131470210005
"S1pr3",0.45322730730214,0.495126353929716,0.391196845408798,0.103929508520918,0.237486413932532,0.645131470210005
"Pi4k2b",1.1157470450772,0.789858781194011,0.686063723095219,0.103795058098792,0.342065017361732,0.645131470210005
"Eml4",0.684558224167443,0.623983502691148,0.520542263210637,0.103441239480511,0.296542574697942,0.645131470210005
"Cd55",1.7138071199382,0.868823637503727,0.765488075514684,0.103335561989042,0.358299446875204,0.645131470210005
"Tecpr1",0.978740322362597,0.746212737908413,0.64307910408833,0.103133633820083,0.333139092887089,0.645131470210005
"Zap70",0.852062714037899,0.69817642198715,0.595112014570829,0.103064407416321,0.320711826038234,0.645131470210005
"Sdc4",1.09497480333505,0.783605643617318,0.680643553324669,0.102962090292649,0.342083802434234,0.645131470210005
"Ccnd2",0.923234566204859,0.725689610666724,0.622878666202117,0.102810944464606,0.328573851102245,0.645131470210005
"Zbp1",0.762955139935867,0.659731496126362,0.557166813523848,0.102564682602514,0.310295134628186,0.645131470210005
"Ahnak",1.46411161458372,0.851862056272851,0.74938872300204,0.102473333270811,0.356543759035732,0.645131470210005
"Cenpk",0.985694908241513,0.747922324198949,0.645519058805048,0.102403265393901,0.33483938162331,0.645131470210005
"Hck",0.706295863427922,0.633119470517145,0.531021409584324,0.10209806093282,0.302569867614681,0.645131470210005
"Traf3",0.861924975768715,0.701074991638911,0.599089061222274,0.101985930416637,0.323556426492597,0.645131470210005
"Sp100",1.48302710359159,0.852978751305934,0.751374569245217,0.101604182060718,0.358067088964406,0.645131470210005
"Samd9l",0.954231437966723,0.735482017935254,0.634314777334308,0.101167240600946,0.33400379562845,0.645131470210005
"Dcaf6",1.23697240645058,0.815241524306033,0.7141765470052,0.101064977300833,0.351772425935712,0.645131470210005
"Slc38a1",1.00908517490411,0.75458205489916,0.653580712423134,0.101001342476026,0.33886634232966,0.645131470210005
"Tns3",1.72629908647782,0.866150779127401,0.765662779830755,0.100487999296646,0.362072613086813,0.645131470210005
"Tmem243",0.541425166412993,0.545117505291631,0.44466244158121,0.100455063710421,0.271759596224471,0.645131470210005
"Fgd2",1.16584421637667,0.798812946034802,0.698401619837058,0.100411326197743,0.349519436419432,0.645131470210005
"Iqgap1",1.62066442299134,0.862219036387905,0.761883315231545,0.100335721156361,0.361617907711229,0.645131470210005
"Pla2g2d",0.485137261845683,0.511041503306171,0.411189406012906,0.0998520972932649,0.256874777303901,0.645131470210005
"H2-K1",3.08392115124165,0.742208220115655,0.64266072739018,0.0995474927254747,0.338508611209508,0.645131470210005
"Fmnl3",0.58932521813223,0.570919027201573,0.471459342271201,0.0994596849303722,0.28525745427672,0.645131470210005
"Mycbp2",1.9015354221306,0.86267499330331,0.763472840378682,0.0992021529246278,0.363391663736901,0.645131470210005
"4930523C07Rik",0.842801475370552,0.690532506316271,0.591338644843949,0.099193861472322,0.325966018062209,0.645131470210005
"Slfn1",0.517551269004338,0.529820419202833,0.43073633274593,0.0990840864569026,0.268095896206614,0.645131470210005
"Ppp1r11",1.26571709737595,0.81865751492908,0.719963297756814,0.0986942171722668,0.356203184164865,0.645131470210005
"Fgd3",1.29666227195764,0.824337227574823,0.725652946670425,0.0986842809043981,0.357294818427281,0.645131470210005
"Zfp36",1.07604814114175,0.773850918207451,0.675193076071877,0.0986578421355742,0.347187834459542,0.645131470210005
"Fam210b",0.711137990098,0.631899497211566,0.533321321982491,0.0985781752290749,0.309578271060577,0.645131470210005
"Ccm2",0.902939519851875,0.713689329988658,0.61517850935873,0.0985108206299288,0.333374717561861,0.645131470210005
"Fkbp1a",0.911215253064588,0.716573358351298,0.618339623968589,0.0982337343827087,0.334614260149369,0.645131470210005
"Epsti1",1.00530228955807,0.750224226603852,0.652293753345804,0.0979304732580477,0.343209584521315,0.645131470210005
"Psme2b",1.1733586153788,0.798078418051345,0.700159433643986,0.0979189844073585,0.353430461899304,0.645131470210005
"Sh3bp1",0.780515887441386,0.662637971547722,0.5649420058884,0.0976959656593219,0.320956276719663,0.645131470210005
"Rasip1",0.707057653951627,0.628957396367315,0.531384058855733,0.0975733375115819,0.310733194121252,0.645131470210005
"Twf2",1.12939847412594,0.787082914489583,0.689525061286563,0.0975578532030195,0.351799384710445,0.645131470210005
"Cd48",1.19426802504444,0.802476548501037,0.704942459307882,0.0975340891931554,0.354925802722634,0.645131470210005
"Nap1l1",2.93925444331942,0.747955195786099,0.650923876355995,0.0970313194301046,0.344263688229838,0.645131470210005
"Dut",2.31815695457838,0.826464660228021,0.729518844804553,0.0969458154234683,0.360413789806195,0.645131470210005
"Capzb",1.63713845064637,0.859409338974926,0.7626739580422,0.0967353809327257,0.36652315129686,0.645131470210005
"Ubac1",0.754689139583995,0.650002040008706,0.553454678553139,0.0965473614555669,0.319499945405742,0.645131470210005
"Arap2",0.717074667279727,0.632504401794108,0.536123615324753,0.0963807864693547,0.31439650025141,0.645131470210005
"Zmiz2",1.56073018086852,0.854401415330047,0.758181704420392,0.096219710909655,0.366450910890914,0.645131470210005
"Mbd4",0.614203706949843,0.580755531248207,0.484801828047197,0.0959537032010107,0.297282087237083,0.645131470210005
