symbol,chromosome_name,logFC,AveExpr,t,P.Value,adj.P.Val,B,Overlap_Ly_et_al
Gm8797,3,5.414903455147229,5.411228904452177,36.51306403828989,1.3855889251013979e-14,1.8011270437393071e-10,19.757781399764976,FALSE
Irgm2,11,1.622043187727316,5.814227813329955,17.598574096746205,1.646073136364978e-10,1.0698652349804176e-6,14.558712336291244,FALSE
Gm49980,18,-1.405429740238234,5.262532406781336,-14.826050419428276,1.410903378011904e-9,6.11344433692558e-6,12.47309130904232,FALSE
Nacad,11,3.051557156115383,3.7168040136528218,14.060367378253963,2.722375150279428e-9,7.00636267588919e-6,11.368567413562559,FALSE
Gm21887,X,2.0971896263684133,3.4355377199591586,13.865654982295489,3.2339546161500995e-9,7.00636267588919e-6,11.252983382884587,FALSE
Slc15a2,16,-3.3694342404262705,2.990032425166821,-14.183480620886137,2.4441793167773076e-9,7.00636267588919e-6,10.691309232010774,FALSE
Slpi,2,-1.884735487237947,9.15256758479147,-12.30284123428989,1.3984204218012583e-8,2.4394872261974164e-5,10.186467727020595,FALSE
Cxcr3,X,-1.4443791632887377,4.60290846668862,-12.231074308263175,1.5013383959981022e-8,2.4394872261974164e-5,10.152558498292308,TRUE
Fkbp11,15,-1.7406958980092435,4.137828258330842,-12.06762253281964,1.7672479412190543e-8,2.5524951097673873e-5,9.948923880644017,FALSE
Yipf4,17,-1.1294433504088603,5.718950077241036,-11.561267983646884,2.9644525632751054e-8,3.503174442728463e-5,9.46469968307942,FALSE
Eps8l1,7,2.5403214099003364,2.862764206974937,11.749338873945387,2.4409496045836413e-8,3.172990390998275e-5,9.145389168512162,FALSE
Cdk5rap1,2,-1.5476678815243958,3.5894389883075153,-10.886048875135922,6.089857404183648e-8,6.596838033081936e-5,8.710080647925757,FALSE
Eaf2,16,-1.8393540568700582,4.841300428933914,-10.451652192605659,9.868141839095828e-8,9.867382751262052e-5,8.297111199737689,FALSE
Ide,19,-0.9258350129456288,5.297941225456352,-10.116588162839198,1.447953654752043e-7,1.3444249684372718e-4,7.877482694354195,FALSE
Hist3h2ba,11,-1.5223518752541896,3.887220929524172,-9.161558034315448,4.5735153152511e-7,3.9634083721966037e-4,6.800145173888556,FALSE
Mzb1,18,-1.39640444539459,7.886264873791122,-8.952676302042923,5.952968974825151e-7,4.5519202178677723e-4,6.474463939706103,FALSE
Pkig,2,-0.7756979998581279,6.605381765848051,-9.000290991625025,5.603555515542035e-7,4.5519202178677723e-4,6.457422322374715,TRUE
Mocs1,17,-0.9239985533936412,4.68878296577891,-8.869528726313249,6.619974091701481e-7,4.6107587932637265e-4,6.375261786592814,FALSE
Trp53inp1,4,-0.759985487543152,6.323555363595115,-8.855595897237547,6.739319722441019e-7,4.6107587932637265e-4,6.264880481943669,FALSE
Sdc1,12,-1.1901928346468722,4.221657289787937,-8.506404347035746,1.06185991678426e-6,6.901558529139298e-4,5.9454557974615545,FALSE
Tbx21,11,-1.1772923027889957,3.6381678558896944,-8.377591042317022,1.2600217349771237e-6,7.121314144768535e-4,5.808838600085922,TRUE
Ly6c2,15,-0.8917946425769081,7.566533027151188,-8.389058179084186,1.2408805349877575e-6,7.121314144768535e-4,5.696071876194056,FALSE
Creld2,15,-0.8544228007491181,6.308747413092668,-8.384362879352478,1.2486803848845646e-6,7.121314144768535e-4,5.63206990152566,FALSE
Ubb,11,-1.4346352518194543,10.016216231230135,-8.073447353135396,1.9014611679507667e-6,9.890040918008162e-4,5.4009569288431685,FALSE
Abcc3,11,0.7448274766002285,5.200788763790947,8.073210987103113,1.9020772594061393e-6,9.890040918008162e-4,5.248117982786796,FALSE
Tspo2,17,-1.0134691562792435,6.959807942880801,-7.996276102973605,2.114334913113615e-6,0.001057086135983226,5.110423805344286,FALSE
Derl3,10,-1.0524078832957402,4.871654941921095,-7.602950485732837,3.671759658711711e-6,0.0017677482890219828,4.616506599139685,FALSE
Hid1,11,-1.089534662089958,3.376304881225445,-7.409964473847554,4.847271913995081e-6,0.0020325705680652277,4.493924724806158,FALSE
Rps27rt,9,0.8018690959801145,6.453445563742388,7.564494037762185,3.879271080874449e-6,0.001800951599295963,4.45868785552573,FALSE
Myh9,15,0.7041890115555027,6.778369895051531,7.50493234367789,4.225583824529198e-6,0.0018940815218984497,4.377469953171479,FALSE
Txndc11,16,-0.8125392973991721,5.859779503785793,-7.423805143311807,4.750934685444334e-6,0.0020325705680652277,4.259802817653229,FALSE
Zfp672,11,-0.8072620616563189,4.582566193404034,-7.302093172100793,5.672922591924098e-6,0.002304447524138167,4.198940991426203,FALSE
Plxdc1,11,1.1222939098261948,3.058526023609261,7.153237195840316,7.065277852932073e-6,0.0025511540780628894,4.137125923979694,FALSE
H1f0,15,-0.9182449611632277,5.047093532827536,-7.234170211944786,6.268291388037625e-6,0.0023325421402411247,4.048759010357508,FALSE
Rexo2,9,-0.6868418741499944,6.961964026935432,-7.232860249525692,6.2804042548226295e-6,0.0023325421402411247,3.9804471169275795,FALSE
Grip2,6,0.9768951620751385,3.68979363474069,6.947489519150985,9.614704371225698e-6,0.0032889879505674435,3.7822451671780257,FALSE
Ift20,11,-0.660236549567558,6.520270381268364,-7.083088746669021,7.842966995931962e-6,0.0027554250805437723,3.732133866641812,FALSE
Tpst1,5,-0.6903085109827467,4.757875303508472,-6.826631770001967,1.1552119776247738e-5,0.0037764047519330303,3.4478693846329964,FALSE
Ehd3,17,0.8670934459684698,3.776504633637798,6.712533205158575,1.3762691262493005e-5,0.004259552945741585,3.409569814425266,FALSE
Xbp1,11,-0.9375269892148621,7.282843163836408,-6.82276164314044,1.1620600821395584e-5,0.0037764047519330303,3.374131222386267,FALSE
Gm46224,10,1.173068559072576,2.6979366079475064,6.5184906895149615,1.86110653326224e-5,0.0053761164057501915,3.207717876379588,FALSE
Marco,1,0.8646184838531239,5.270133996788869,6.696981844860724,1.4096987681961745e-5,0.0042615521599493195,3.186922680040654,FALSE
Ikbkb,8,0.7262875905453736,6.932279665392287,6.595365609643502,1.650367616397887e-5,0.004875711055808213,2.9799797922417923,FALSE
Creb3l2,6,-0.7361815413761326,4.250164995417024,-6.397661472079365,2.2516929413445283e-5,0.006362990553160331,2.8423796157188868,FALSE
Serinc3,2,-0.8000076344702727,9.434445869184948,-6.350766949024111,2.4257948695461807e-5,0.00670912925728315,2.8237861044122914,TRUE
Cacna1s,1,-0.9401556307960575,3.2856301965805685,-6.258637002256824,2.8104904955936597e-5,0.007437304526585947,2.762678807107253,FALSE
Gm16793,8,-1.2142943431714786,2.753592833778507,-6.1834522857987935,3.171970019727044e-5,0.007707217555791549,2.692133042678309,FALSE
Bhlhe41,6,-1.4190281297097713,2.680033185582645,-6.165468830514545,3.265488416283503e-5,0.007707217555791549,2.668396388308013,FALSE
Zbtb32,7,-1.4202008734003877,2.1812758964450527,-6.088304927951029,3.700969703904916e-5,0.00815405172560339,2.543368315446185,FALSE
Cdkn1a,17,0.7925446243069758,4.065299740402541,6.1451069507407015,3.3748903837367827e-5,0.007707217555791549,2.458381378519997,FALSE
BC030867,11,-1.0057048100225177,3.2072428694633706,-6.025319014283378,4.101661700384701e-5,0.008599596845693665,2.398814806966999,TRUE
Il4i1,7,0.7849900830250602,5.722483321524975,6.235271832395107,2.9179362324477522e-5,0.007437304526585947,2.3915810831605384,FALSE
Cenpv,11,-0.7488334749111729,4.54201676036069,-6.14262495909202,3.388487346368608e-5,0.007707217555791549,2.377829890399398,FALSE
Uba52,8,0.6851774575965468,8.046871258520639,6.133593528804361,3.438452522524969e-5,0.007707217555791549,2.337006021296136,FALSE
Neil1,9,-0.9441143593223433,3.812527068804717,-6.03714940715733,4.023057081798285e-5,0.008573068689556707,2.3315028524544683,FALSE
Manf,9,-0.6157630910772989,7.292729189048561,-6.1773150401557695,3.2035641151711266e-5,0.007707217555791549,2.3253515909223985,FALSE
Eno1,4,-0.5209304742501191,6.049779374331487,-6.133518779614177,3.4388692840673115e-5,0.007707217555791549,2.2082902915898543,FALSE
Cacna1h,17,-0.8595817658423068,3.5062538684274225,-5.927677545400271,4.8155079536763395e-5,0.009342804162662498,2.195452091608537,FALSE
Ccl22,8,1.7811721941980418,1.3443232316935894,5.944402320534866,4.684523685817626e-5,0.009226382332112624,2.1852080259136812,FALSE
Aph1b,9,1.3399630942329122,2.1350067507165975,5.840250649675517,5.5657616094648814e-5,0.010069380112013993,2.1621830541952898,FALSE
Prg2,2,-0.8452639421390185,3.3667739723567354,-5.882755976632789,5.186739706312947e-5,0.009771366585849565,2.14082876621496,FALSE
Cd160,3,0.6923374740657477,4.019592191593816,5.948449616956587,4.653392682178468e-5,0.009226382332112624,2.1365914301339117,FALSE
Edem1,6,-0.7290334948333923,6.6912139725827116,-6.074274694873906,3.7865124966933236e-5,0.008203479324086086,2.1123419209579497,FALSE
Pafah1b3,7,-0.8623814868080473,4.905666409000805,-5.998232235525881,4.28778125186724e-5,0.008708885702034727,2.0884765961883254,FALSE
Hsd17b11,5,0.658965942738662,4.201001871030365,5.9036596194535775,5.010384468378566e-5,0.009577939368301909,2.031718283353589,FALSE
Dnase1l3,14,0.5847677762740382,7.002614221390946,6.0113290093859195,4.196705221468209e-5,0.008659201773629405,2.019415847488826,FALSE
Lpl,8,0.6870123976803644,3.99720316412462,5.838105113144347,5.58564870575392e-5,0.010069380112013993,1.9550514933909486,FALSE
Ccl24,5,0.773498090392978,3.7117141523673602,5.765840779279398,6.300999199133497e-5,0.01036793526449827,1.885335764677727,FALSE
Lyz1,10,1.1229679932433811,2.3649639545951118,5.622731701911799,8.01653582404395e-5,0.012117087113575268,1.81502415205542,FALSE
Pan3,5,0.5440848080871641,4.975457851899691,5.834574046035041,5.61854104665963e-5,0.010069380112013993,1.7881892487653381,FALSE
Sec11c,18,-0.5871562677404913,7.5545047788520865,-5.830708851861704,5.6547791997616855e-5,0.010069380112013993,1.7686609403144455,FALSE
Ntan1,16,-0.6331678500282658,4.467835750858097,-5.773143805573366,6.224521835065215e-5,0.01036793526449827,1.7668996722051418,FALSE
Tgfbi,13,0.5002493264352568,6.357963639837936,5.816595453900266,5.789198138781587e-5,0.010169430622435386,1.659921357600414,FALSE
Hmgn2,4,-0.5358532790411141,6.839262964564362,-5.7983180586085314,5.968281894582428e-5,0.010344226179690262,1.6451023803234417,FALSE
Khsrp,17,0.506348547584806,5.468007872219658,5.778443315950794,6.169635896465793e-5,0.01036793526449827,1.635768871968355,FALSE
Skap1,11,0.636019306201399,4.160106285729446,5.642336310876476,7.75509851388359e-5,0.011859826539055623,1.5935062027073617,FALSE
Slfn2,11,0.4843206546110803,5.888382072149324,5.76934316152315,6.264199845171748e-5,0.01036793526449827,1.5929743257137634,FALSE
Fam214a,9,-0.5656149342741674,4.772851759254216,-5.698802939581683,7.050875671317603e-5,0.011177357664811894,1.5896510029051907,FALSE
Gpr137b,13,0.5074445331679467,5.395888486975936,5.74295378638872,6.547127673462896e-5,0.010638264078418024,1.5806525534432518,FALSE
Dtx1,5,0.5348504531572527,5.518229051829235,5.732715948024562,6.660473914108088e-5,0.010688827211048276,1.5534862990582088,FALSE
Plcd3,11,-1.9231725573208278,1.0135668109500051,-5.579473866856042,8.626635953934754e-5,0.01274291372331794,1.5304548725874811,TRUE
Snhg9,17,0.799231662045103,5.482508636082085,5.687487903902538,7.186415732135028e-5,0.011254966036388342,1.483556197080155,FALSE
Cd4,6,0.7002195838181735,3.8087936251208268,5.52947448700448,9.392938068938494e-5,0.013338566632635974,1.4625215226020671,FALSE
Cxcl13,5,0.6871496750214199,5.19021471413947,5.658340106132208,7.548313152274407e-5,0.011681014603144644,1.4619264910364311,FALSE
Sirpb1b,3,-3.6469139581630747,0.266032364305425,-6.247167991452325,2.8627006100282045e-5,0.007437304526585947,1.4502635930548786,FALSE
Dnajb3,1,-0.7758429391573292,3.5670970937277087,-5.487967903007662,1.0083191918502814e-4,0.013848067156675366,1.442773387197831,FALSE
Agpat1,17,0.7989836947381135,3.463508918568406,5.473642719824994,1.0333583461785603e-4,0.013848067156675366,1.4320791276266887,FALSE
Ugt8a,3,-3.7165121953750315,0.18469956959303857,-6.28004515539676,2.7157007138597247e-5,0.007354456995721367,1.3786301826064253,FALSE
Gm49975,18,-4.732832270016409,-2.190232975123624,-7.270890743796611,5.938621068359151e-6,0.0023325421402411247,1.3650233508706329,FALSE
Maf,8,0.48559676018833375,5.610214929937483,5.614685059575258,8.126502207070295e-5,0.012142115194219169,1.3406251317684035,FALSE
Srp54a,12,-0.7054962457705543,4.021233415783533,-5.427138396112963,1.1192289282620144e-4,0.014665384860186832,1.2511751638663524,FALSE
Supt16,14,0.4777085099541223,5.885411000847071,5.559393493650695,8.926206478024509e-5,0.013037276180656246,1.2280765700108471,FALSE
Nenf,1,-0.4851471315597724,5.978777405707596,-5.549367823838447,9.079836993208925e-5,0.013114311230524759,1.2090552459830928,FALSE
Cr2,1,0.6488431534059416,5.580356533838506,5.516567186229901,9.602120363350818e-5,0.013421286301419063,1.1730746336437594,FALSE
Pet100,8,0.5029629020956223,6.364263775653018,5.526524205951047,9.440327180571656e-5,0.013338566632635974,1.1555006477299994,FALSE
Star,8,0.5479637036666105,5.458536218851146,5.480882357131966,1.0206237116073457e-4,0.013848067156675366,1.1195733828842052,FALSE
Sap18,14,-0.501547339433003,5.407640981086716,-5.476063821853984,1.0290811721802283e-4,0.013848067156675366,1.1145035269101058,FALSE
Fmr1nb,X,5.004070632778894,-2.102289422474246,6.747998723708835,1.3031251741324909e-5,0.004131542472816646,1.0704482816038272,FALSE
Rbmxl1,8,-0.4979643511788172,5.956205385465376,-5.460488550657865,1.0569243875716925e-4,0.014019347055147378,1.0532988694494758,FALSE
Rnps1,17,-0.4977016313889857,6.755854097272041,-5.422500474641018,1.1281933118075875e-4,0.014665384860186832,0.9833192234625265,FALSE
Ypel3,7,-0.5640508685277208,7.83216056422598,-5.359645162269302,1.2573739823480004e-4,0.016182776630239266,0.9819395548178846,FALSE
Stoml1,9,-0.5639311806329177,4.725536961424602,-5.338654299592012,1.3038872615978012e-4,0.016616892660303743,0.9669460137207615,FALSE
Hsp90b1,10,-0.6283005697601531,8.555228339152158,-5.288709261215337,1.421941118007372e-4,0.01742065161023407,0.9463136045312028,FALSE
Ptafr,4,0.7427445684307852,3.3025274937625504,5.176287647770406,1.730417134784421e-4,0.020083653870591685,0.9432121376909341,FALSE
Coq7,7,-0.6098250550720508,4.311538306493178,-5.278521156812822,1.447365469578644e-4,0.01742065161023407,0.9334418896385106,FALSE
Tg,15,-1.5579921852464171,2.085514180320531,-5.072624347161626,2.076996874914479e-4,0.023075967843601122,0.9256563849400798,FALSE
Nuggc,14,-1.1627477978724416,2.258163397003852,-5.04984936634337,2.1624138165498918e-4,0.02311973092594044,0.8742611007899006,FALSE
Gp9,6,-0.6289989031958951,3.9856716550617106,-5.209015737659428,1.6339931413060968e-4,0.01930934258530723,0.8719127596951886,FALSE
Gdf3,6,0.9380480659111683,2.823750699393588,5.079079354283033,2.0534329913436062e-4,0.023010840909030637,0.8544890171999411,FALSE
Ifngr2,16,0.5311236854747516,4.764912991766247,5.278892221219785,1.4464311922136348e-4,0.01742065161023407,0.8530995186463599,FALSE
Dctn6,8,-0.45347821396285415,5.639633786337549,-5.321901166416513,1.3423001592108324e-4,0.016777461316905395,0.8210084189817088,FALSE
Pla2g2d,4,0.501124699343789,6.190640390301107,5.327634666276468,1.32902245281315e-4,0.016772779479726347,0.8070680417141549,FALSE
Snrpd1,18,-0.5271642818723983,7.596566146531298,-5.27258691118764,1.4623928989054342e-4,0.01744004155309334,0.7975074327039229,FALSE
Serpina3n,12,0.8631597093508452,3.1087944331404933,5.058969187207769,2.1277787007051115e-4,0.02311973092594044,0.773219899873264,FALSE
Lpcat2,8,0.5799336689575698,4.179953553919665,5.1657001781038145,1.7628671694855825e-4,0.020279212686852288,0.7537270884913356,FALSE
Hnrnpa0,13,0.4443259786579219,6.901326700944041,5.284317550601917,1.4328428813575422e-4,0.01742065161023407,0.7436063960641528,FALSE
Fgfbp3,19,-1.4626921638078487,1.3522744067766972,-4.960299829866428,2.5354174372471455e-4,0.02436476911503785,0.716294453858282,FALSE
Gm12999,4,-0.6360414253150126,3.7864189882704533,-5.086654876441926,2.0261338535872473e-4,0.022902359967635327,0.6928689835781734,FALSE
Nectin1,9,0.9343490492754354,2.463027046355289,4.957365137817888,2.5487200547186234e-4,0.02436476911503785,0.6896101876155916,FALSE
Nhlrc4,17,-1.3476784887912419,1.6148989200682073,-4.925443230253178,2.6982028040187445e-4,0.025233049100316304,0.680675107211461,FALSE
Tatdn2,6,0.7686708065742804,3.2318533175582176,5.016685006212368,2.293400376156534e-4,0.02347394605484944,0.6754108055696664,FALSE
Klf11,12,-0.7068975706652583,3.852640591370054,-5.062567045603324,2.1142743584006172e-4,0.02311973092594044,0.6388208749922404,FALSE
Oard1,17,-0.44045063241148164,5.729772605208202,-5.193599129624463,1.67869507108721e-4,0.019658880386542923,0.586680210397895,FALSE
Ckap4,10,-0.6828518699115693,4.023385134534926,-5.021589183482671,2.2735211255054923e-4,0.023455159611464996,0.5318131860088924,FALSE
A530032D15Rik,1,-0.7280088591611018,3.377764784938587,-4.9397635396552335,2.630046049353348e-4,0.024773890286626212,0.514582739466948,FALSE
Prrc2c,1,0.5061209028890898,5.11413276377097,5.104619797345298,1.9628978898157334e-4,0.022382201464662035,0.4828535312835269,FALSE
a,2,-1.3090551529600465,1.5809940695483409,-4.800543766015035,3.376567330885143e-4,0.028317418538178044,0.4749398253247943,FALSE
Nags,11,-1.8019550612681343,0.7388312516665169,-4.887156992430665,2.8896036730445e-4,0.02590479872131411,0.46195617812111944,FALSE
Ino80c,18,-0.5124356387253686,4.654528283874383,-5.047907362345947,2.1698647380296435e-4,0.02311973092594044,0.45808183487688936,FALSE
Lsm14b,2,0.6198444034849238,4.151723633156997,4.98503224617244,2.4261404546296677e-4,0.024045707317737423,0.43534591337045914,FALSE
Midn,10,0.5604931258224104,4.765839022098814,5.023116410180789,2.267367194357413e-4,0.023455159611464996,0.39358110729645635,FALSE
Cd3e,9,0.564597574138129,5.145672191235131,5.038082284577388,2.2079731474135563e-4,0.023311232631209513,0.3605634252217227,FALSE
Rnaset2a,17,0.5429093559036913,4.745978302536595,4.98142869565577,2.4417519547206243e-4,0.024045707317737423,0.3213667196531711,FALSE
Cnpy2,10,-0.44951039180004937,5.785318061702415,-5.048429095908057,2.1678603679725042e-4,0.02311973092594044,0.3213628646872948,FALSE
Ackr2,9,-1.0470403466100136,2.1266379102734576,-4.71589529261793,3.935318583233846e-4,0.030449527537771883,0.3109456958757404,FALSE
Madcam1,10,0.7382461379916698,3.495793817793165,4.833690418482769,3.18083649859152e-4,0.02738257857297428,0.2969438714603463,FALSE
Zfp280b,10,-0.6967162912370228,3.332088044668487,-4.812200206803078,3.306346822332067e-4,0.027908572950321127,0.29350295826050576,FALSE
Cela1,15,-0.44274396663073645,5.840143122430588,-5.034078003095146,2.2237040128240477e-4,0.023311232631209513,0.2929057821644676,FALSE
Fn3krp,11,0.48815156036421214,4.960857740490784,4.984799545650614,2.427145425470306e-4,0.024045707317737423,0.28887056926329624,FALSE
Pecr,1,-0.8659988840556347,2.692098743704393,-4.74282788369595,3.7478100573032044e-4,0.029705965204197778,0.28410599885603194,FALSE
Lman1,18,-0.49227791340402405,5.226549274285708,-4.995230015362251,2.3825220672915484e-4,0.024045707317737423,0.2753326291725866,FALSE
St6gal1,16,-0.5330953563036198,5.218410524779195,-4.983370277782558,2.4333275670060603e-4,0.024045707317737423,0.25658659866604516,FALSE
Dcn,10,0.6658392217336035,3.4178774014391915,4.783759118993864,3.4804150192874704e-4,0.02845403448787285,0.22075769091916175,FALSE
Arid1b,17,0.5739553486403852,4.271037864507031,4.8694389890110665,2.9829107453802994e-4,0.02652867724935802,0.20257434801939578,FALSE
Srp9,1,-0.439430350329471,6.924351643583251,-4.963132844288127,2.5226442918068246e-4,0.02436476911503785,0.1652411438355461,FALSE
Rpl9-ps6,19,0.5164630170145008,5.731259753885759,4.957275881859663,2.549125778633085e-4,0.02436476911503785,0.15770697221743468,FALSE
Rgcc,14,-0.5358570435935803,6.522484977256559,-4.944543499342042,2.607697094336784e-4,0.024742667539623252,0.1144712138935482,FALSE
Sp3os,2,-0.5203593230741168,4.640265018844859,-4.855486550957668,3.058590644861186e-4,0.02686393229226389,0.11037612826682253,FALSE
Smim24,10,0.9236639899501784,2.2870603021822835,4.613220891544889,4.7442548510076603e-4,0.03464638697092617,0.10972418657650529,FALSE
Pcp4,16,-1.6932102781388394,1.2616852478216418,-4.589672411374357,4.952992555195797e-4,0.03557124321822661,0.10801352911379603,FALSE
Sec24d,3,-0.6161519251009699,4.037618819708517,-4.788952082894769,3.44793589238909e-4,0.028435476045928467,0.10552695416839164,FALSE
Cdh11,8,0.8132533168608478,2.670364834511573,4.635649720030252,4.55391248709661e-4,0.03363426614759593,0.09374661395125106,FALSE
5830428M24Rik,12,-0.7170363898454588,3.2809852562332837,-4.69362798316509,4.0976919580044204e-4,0.03151828269946713,0.08942322678948766,FALSE
Cd7,11,0.45171724035198757,7.053561681560275,4.899719336681369,2.825290981461372e-4,0.025682487739871595,0.06004026536429752,FALSE
Txndc5,13,-0.49252374737100535,6.75689458845353,-4.909648537672118,2.7755133217313184e-4,0.025587870687365538,0.05762159663625699,FALSE
Prdx4,X,-0.5084087514982603,6.024270704283135,-4.904855779266309,2.7994257142271984e-4,0.025626573844534758,0.04968722897682731,FALSE
Rcbtb2,14,-0.5499311555849307,4.565893064037944,-4.8122214127297696,3.3062204663894534e-4,0.027908572950321127,0.04489944505149879,FALSE
Edem2,2,-0.5848828280804401,5.88425379786117,-4.890499555531124,2.8723441432793257e-4,0.02590479872131411,0.02833385421493073,FALSE
Gm5547,3,-0.5817437087255959,3.9247273826497513,-4.731082380602107,3.828416694455751e-4,0.0299792702477291,0.020977676661527944,FALSE
Hepacam2,6,-1.3505196892009717,1.684874773751523,-4.528582771796983,5.540047806843789e-4,0.03732619912977614,0.019179956655544395,FALSE
Nr2f6,8,0.5705597130271585,4.117432720895482,4.74552668863492,3.729539028384236e-4,0.029705965204197778,0.004694820200039196,FALSE
Jchain,5,-0.7815633116176013,10.492718908785694,-4.658690812128752,4.366603412706749e-4,0.03281010275247112,-0.003486047115565327,FALSE
Mns1,9,-0.4720032851253313,5.352036041086196,-4.850783986680584,0.00030845456920000766,0.02691007345658322,-0.0064463031752186595,TRUE
Selenok,14,-0.4788571062083289,6.977037022327145,-4.8662542415689245,3.000011966809469e-4,0.02652867724935802,-0.007558714608776995,FALSE
Bet1,6,-0.5558390618403868,4.624130357395466,-4.78845827709596,3.4510107810037984e-4,0.028435476045928467,-0.009361900038395987,FALSE
Siglech,7,1.671555765800491,0.6981395124294034,4.567237166429357,5.160720998370756e-4,0.036261736355579166,-0.009393169616819463,FALSE
Rdm1,11,-0.4939506939818683,4.692647859875249,-4.787614761140588,3.4562698786496634e-4,0.028435476045928467,-0.023330918581757842,FALSE
Emid1,11,-1.1533251357239853,2.364368963755042,-4.528722592386611,5.538624881585812e-4,0.03732619912977614,-0.03983446542386293,FALSE
Hist3h2a,11,-0.5166739540543004,4.502469713096412,-4.755682709341229,3.6616071734542257e-4,0.029381007189957706,-0.04779342843962375,FALSE
H13,2,-0.5314796828364701,6.887488009778581,-4.8273072454400445,3.217590800533265e-4,0.027516751852718364,-0.08471644835343817,FALSE
Ap5s1,2,-0.5498368146993045,4.026487225993555,-4.668170332912635,4.2918777151824424e-4,0.0326258002454132,-0.1163132809809504,FALSE
A430035B10Rik,6,-1.1934672735936989,2.075072135763118,-4.450850202984423,6.392768120663721e-4,0.03957123466690843,-0.14218607569277264,FALSE
Usb1,8,0.6555067221900233,3.323075499343344,4.571408527337573,5.121426172866159e-4,0.036261736355579166,-0.1459337122049318,FALSE
Srp68,11,-0.41467759066892373,5.611393368131639,-4.772032480231719,3.5549334576920436e-4,0.028702223612757066,-0.1773421831142068,FALSE
Ftl1-ps1,13,0.4954453893400874,6.035376682222326,4.774118243136419,3.541559004154332e-4,0.028702223612757066,-0.19459891754923575,FALSE
Selenos,7,-0.44621129539934845,5.559205276388859,-4.734160545049584,3.8071194506553624e-4,0.0299792702477291,-0.24388608823654767,FALSE
Sapcd2,2,-0.6768246370443074,3.9487481342688753,-4.5693942497561935,5.140362123058114e-4,0.036261736355579166,-0.278335759703797,FALSE
Gm3435,17,1.1288005027327008,1.6573062837303425,4.355108779256548,7.632783409465693e-4,0.04452536318019882,-0.2807188344562146,FALSE
Atat1,17,-0.6045972184418997,3.806517561698144,-4.553054023547794,5.296680040712574e-4,0.03701695905872191,-0.2810016633684622,FALSE
Bex4,X,-0.514622031583281,4.928955359365393,-4.663893152244987,4.325428527725841e-4,0.03268967757669082,-0.2897029023294895,FALSE
Mrps24,11,-0.41346987925014833,6.55208955073644,-4.717215406492856,3.9259045257204067e-4,0.030449527537771883,-0.3073220764256357,FALSE
Mcemp1,8,0.923598526844625,3.3001347899206968,4.472268334247504,6.145070324266644e-4,0.038776586963661215,-0.31548754480141117,FALSE
Fam83g,11,-2.0097192625694986,0.5361222684670066,-4.407622593715498,6.92462645164742e-4,0.04167278668748371,-0.31561555156912835,FALSE
Ankrd55,13,-1.4396568987166476,1.3005515550540665,-4.322474207457994,8.110147135209996e-4,0.04603659502646059,-0.3273598177494428,FALSE
Trat1,16,0.6780009608341153,3.1362995570636745,4.444354823224972,6.469908844390416e-4,0.03985893131195783,-0.3394570156004688,FALSE
Ache,5,-0.4228641699736375,5.361237762829012,-4.672172648514222,4.2607274359015906e-4,0.03257952702310869,-0.3403942688896331,FALSE
Gm21860,Y,-1.703613695950634,0.587929237877725,-4.3672412300543195,7.462793859460066e-4,0.043895410578787965,-0.34557348213184813,FALSE
Sirpb1a,3,-3.2911932880640693,-0.5453766161500164,-4.918057774797995,2.7340696499901957e-4,0.025385836700158964,-0.36109417950806044,FALSE
Msi2,11,-0.5347332670546656,4.498539040082687,-4.580870625677879,5.033436356349536e-4,0.03595035120669649,-0.37031309231688514,FALSE
Iba57,11,-0.4988733030909236,4.835361864560683,-4.607032976722057,4.798206745474542e-4,0.03484126923156929,-0.38071834417849715,FALSE
Ppme1,7,0.5567313927246866,3.7852286035464955,4.495862684508578,5.883662407982349e-4,0.038447090846073825,-0.38789428143762184,FALSE
Gm15892,11,1.1676590446843311,1.5541097289367605,4.287844189436599,8.650486035893029e-4,0.047729324993532364,-0.39054129215489564,FALSE
Polm,11,-0.5835215870195563,3.7697238532286828,-4.472974455861536,6.137075172961948e-4,0.038776586963661215,-0.4223374815463865,FALSE
Mrps18c,5,-0.4129032487286981,6.258804998397638,-4.653429504984962,4.408658612871293e-4,0.032935720292364336,-0.4255567115326171,FALSE
Ccm2,11,0.4140113005982071,5.804969210560248,4.6393106031200055,4.5236040080391616e-4,0.033601330571714896,-0.4345447796712323,FALSE
Cnot8,11,0.4124814007365041,5.415925533103728,4.6238167072283645,4.653326191291841e-4,0.03417434302858906,-0.43645452731499645,FALSE
Rbm45,2,0.7900916898734267,2.5633754365829153,4.330008255291476,7.99727478125297e-4,0.04579584796542175,-0.4397840358718135,FALSE
Tmed8,12,0.5763260553128622,3.673893286701636,4.452788569532598,6.369932282629014e-4,0.03957123466690843,-0.4422930579303088,FALSE
Lifr,15,0.5128111502237811,4.0886343492447175,4.473511466932771,6.131001999040136e-4,0.038776586963661215,-0.4942433702309508,FALSE
Cebpzos,17,-0.4638365416521042,4.504544206978352,-4.513247186861489,5.698434455368639e-4,0.03774578765237751,-0.49823595187177805,FALSE
H2-DMa,17,0.42489155726731465,6.733265598219351,4.604038090667984,4.824546858744882e-4,0.03484126923156929,-0.5142064081359434,FALSE
Gtf2e2,8,-0.42834617179413925,5.108345709487745,-4.533717112933118,5.48804399490942e-4,0.03732619912977614,-0.5630217591683326,FALSE
BC065403,9,-3.147869769295253,-1.3977517247630458,-4.835966259198675,3.16783799994176e-4,0.02738257857297428,-0.5731803660402504,FALSE
Grap2,15,-0.46951032392863556,4.8220026983031135,-4.49352328818455,5.909059505120203e-4,0.038447090846073825,-0.5912976150119666,FALSE
Nelfcd,2,-0.4156227724735393,6.009094207515785,-4.5471440486742845,5.354422656385245e-4,0.0372203957809368,-0.6149357692172437,FALSE
Sub1,15,-0.4675712521723634,7.774298076736647,-4.4883361627274985,5.965777614051818e-4,0.03858166328609929,-0.6170333306983817,FALSE
Lbh,17,0.494861823018522,6.432576898669005,4.542868572299149,5.39660165108632e-4,0.03731405577791015,-0.6358787765613361,FALSE
Enpp2,15,0.5080366281632278,4.159167108551637,4.401853539696562,6.998988738795946e-4,0.041926200283690554,-0.6417431703483656,FALSE
Wdr89,12,0.46599139011184576,5.6495990453820335,4.522787363079622,5.599360589511769e-4,0.03732619912977614,-0.642362926017694,FALSE
Slc35b1,11,-0.4786639984844392,5.682034919982554,-4.523570742384907,5.591304873319473e-4,0.03732619912977614,-0.6439324988923039,FALSE
Ptprs,17,0.5132989732292699,4.131170087066044,4.395992454635378,7.075382320356408e-4,0.04218940127629034,-0.6471010724292281,TRUE
Ahsa1,12,-0.4682306079450882,5.800864214122292,-4.5242434263573506,5.584397041913306e-4,0.03732619912977614,-0.6485824753439973,FALSE
Gimap1,6,-0.4276646120471659,6.0068664339142845,-4.525140242873594,5.57520131557112e-4,0.03732619912977614,-0.6559926805159373,FALSE
Sfn,4,-0.7310752532009226,3.3549271074356537,-4.287699181964671,8.652825032470635e-4,0.047729324993532364,-0.6690694768554515,FALSE
Noct,3,0.4890529184432282,5.26668868530386,4.48402662129901,6.013328047439796e-4,0.03869665905379698,-0.6819770475506006,FALSE
Krtcap2,3,-0.4185315563665579,6.698518140653398,-4.51115732968536,5.720378619523324e-4,0.03774578765237751,-0.6874228305323475,FALSE
Zdhhc4,5,-0.4502867148778078,4.584403246553111,-4.420030318526895,6.767445072260038e-4,0.04110748527771413,-0.6877872441575974,FALSE
Ccl6,11,-0.439483763756634,4.679225822368323,-4.428149745192925,6.666587451799367e-4,0.04087687277638678,-0.6894133040019277,FALSE
Ptms,6,0.39221162520394426,6.401364963238842,4.492941597079769,5.915392083402388e-4,0.038447090846073825,-0.7309007868863819,FALSE
1110008P14Rik,2,-0.3954314154263683,5.70699694576548,-4.477918299247911,6.081398357071331e-4,0.038776586963661215,-0.7311347290418739,FALSE
Clu,14,0.5642641669101867,7.7791453675526645,4.4245762313629715,6.710784066806716e-4,0.040954686424610566,-0.7369023010862783,FALSE
Rhoc,3,0.5010822100950758,4.588268825978858,4.383571410568733,7.240138280219835e-4,0.042974683792044575,-0.7563313442673847,FALSE
Cdkn1b,6,0.390871006695507,5.768620079074864,4.461528112783904,6.268014493108009e-4,0.03917207711341875,-0.7659248698882104,FALSE
Prrc2a,17,0.39885146366254,6.089612412982237,4.462799169617267,6.253332872384128e-4,0.03917207711341875,-0.7790446723334901,FALSE
Zmat5,11,-0.4994677170328794,4.3481929568996565,-4.334956931239302,7.924018416599009e-4,0.04557713070680111,-0.802000375021672,FALSE
Eif2s3y,Y,-0.4033882731406804,5.511330529699555,-4.415730874478751,6.821488929371453e-4,0.04124303934553466,-0.836021370188635,FALSE
Fxn,19,-0.4160978675437308,5.03318679700128,-4.3766349020505,7.333864891943371e-4,0.04333314078653267,-0.8466335305710988,FALSE
Btg3,16,-0.472883948413644,4.868224855908713,-4.343916690537608,7.793141400033172e-4,0.045224573687067504,-0.8797693356873957,FALSE
Cspp1,1,0.4813590294648207,4.117069049472097,4.260393707666325,9.105095780846063e-4,0.04931547502300749,-0.8999034100281751,FALSE
Tnfrsf13b,11,-0.42065339442520333,4.8709214899128614,-4.3162088949828865,8.205262680885107e-4,0.046374004169054565,-0.9337960378201933,FALSE
Adam8,7,0.4829753231941307,4.363259397002517,4.264505192359029,9.035467714421288e-4,0.04914311498734825,-0.9387995759828636,FALSE
Dgkz,2,0.4492434360491595,4.632432007321598,4.276419175801612,0.00088367859810221125,0.04826444578458254,-0.9667131559153912,FALSE
Hist1h2bc,13,-0.4501590962322446,6.421574841951172,-4.35471269704647,7.638399868593228e-4,0.04452536318019882,-0.9883387918176663,FALSE
Alkbh5,11,0.3954138894992525,5.185389674330625,4.3065731899056185,8.353796208544176e-4,0.04700908957353495,-1.0106591244945653,FALSE
Ube2b,11,-0.4502082976390236,7.493440347891558,-4.295962083218533,8.520577089065874e-4,0.04753604359689584,-1.016151348916548,FALSE
Ltb,17,0.4633317145206082,6.529032877236379,4.338177717604184,7.87671261696791e-4,0.04550639435909594,-1.0215398863992338,FALSE
Blnk,19,-0.36459098281785707,6.097824930947767,-4.326824731229345,8.044770172379334e-4,0.045865775206473225,-1.0350401552052766,FALSE
Hbq1b,11,-0.7861699930663093,5.395589864791358,-4.284654170134197,8.702092486704493e-4,0.047729324993532364,-1.0579347982896623,FALSE
Pdia6,12,-0.3680454150177974,7.023413647648139,-4.302150494316577,8.422897357082905e-4,0.04719363911410374,-1.059674746185621,FALSE
Htatip2,7,-0.4590253443963537,5.5399966677849575,-4.2854567352487205,8.689079208199834e-4,0.047729324993532364,-1.0840210368120387,FALSE
S100a4,3,0.4476860027225573,6.123434300617377,4.257924922257003,9.147170108491413e-4,0.04933778599181737,-1.1678561276722963,FALSE
