EntrezID,Symbol,Length,logFC,AveExpr,t,P.Value,adj.P.Val,B
12766,Cxcr3,1608,-5.01074290153365,2.58178169922454,-14.1432585804527,4.35256903259889e-09,0.0000581546748445537,9.92522661942422
72469,Plcd3,3031,-5.07512735799938,-1.28769510600083,-10.7901722355559,0.000000102202376399664,0.000479845716002967,6.22640915903044
57765,Tbx21,2552,-2.82889067223148,2.67314572136034,-10.7404047387198,0.000000107741722027461,0.000479845716002967,8.12972492423914
399609,C130046K22Rik,3313,-7.44308749819104,-2.49216028688201,-9.85423841511956,0.000000285551311277218,0.000953812767493726,3.32321123670392
67425,Eps8l1,2522,-3.29753732567661,2.36028477829035,-9.38129513009216,0.000000494407661982409,0.00132115615434939,6.50138766084289
22062,Trp73,5326,-4.77826179370687,-3.11424837292554,-9.00621706534767,0.000000775935390008022,0.00172787879098286,4.80882210806108
212996,Wbscr17,4196,-6.20870126464148,-5.55643982156901,-8.27611562453452,0.00000194529010497662,0.00371300301322752,2.35008020363721
21754,Tesk1,3620,-1.28721906754999,4.08811447700292,-7.82206387869073,0.00000354937046003131,0.0059278923395598,4.77955187513282
217154,Stac2,3049,1.27004229056642,3.91905990111215,7.72320074103784,0.00000405884767617125,0.00602558486681378,4.64954141916131
170786,Cd209a,1484,4.99766198847866,-2.62962160762555,7.15921049126158,0.00000892520606380244,0.010857108053397,1.3990658117534
100503231,Gm19601,177,5.88727523088027,0.731255507326481,7.15816627392431,0.00000893856661831948,0.010857108053397,1.70241471769032
67434,Ankrd33b,8600,2.05628399977746,0.973549625192879,6.89960445266883,0.000013001721893937,0.0137436171612427,3.57615288561787
68070,Pdzd2,13413,-1.55095994480867,0.856649684586402,-6.858964399278,0.0000138013653395257,0.0137436171612427,3.38854800680929
269389,Tox2,1675,-2.71414690412696,-0.392660727383678,-6.79464917661509,0.0000151752743998144,0.0137436171612427,3.41036452569858
67887,Saraf,1899,-1.11439915585113,4.13345277225266,-6.77492206204669,0.0000156252007541871,0.0137436171612427,3.29143510140166
170942,Erdr1,777,3.82793177514077,2.9867063678492,6.73994009795109,0.0000164581898495534,0.0137436171612427,3.26788130116658
100862004,NA,877,2.60182455545671,3.44956105904181,6.54169938325887,0.0000221588690553181,0.0159412599190869,3.06419269500881
20917,Suclg2,2279,-1.25674490401275,3.1144334734382,-6.52238699198894,0.0000228167250232581,0.0159412599190869,2.95971622539304
17427,Mns1,1807,-1.71160217318041,2.68710817121998,-6.50129559850379,0.0000235588698163292,0.0159412599190869,2.93157773602523
26943,Serinc3,3694,-1.12403503980496,8.47892523628932,-6.45402900364813,0.0000253164304192524,0.0159412599190869,2.69317515428398
74153,Uba7,3162,1.15136741779873,5.64440803207645,6.4514756900315,0.000025415240191532,0.0159412599190869,2.72410459390292
26904,Sh2d1b1,1433,1.89925576104656,0.51396301245147,6.43034978996511,0.0000262486129945298,0.0159412599190869,2.88892326791891
14733,Gpc1,3552,-4.00232362192756,-2.8070438583484,-6.35779215058183,0.0000293381427723398,0.0170429098078796,1.68368959868072
93706,Pcdhgc3,4687,-1.4991601881731,-1.16120561469962,-6.28739253832633,0.0000327054649301682,0.0182074048721657,2.66976193998117
23937,Mab21l2,2703,-4.47251686066247,-3.01974957064796,-6.22672347878403,0.0000359354331636017,0.0187997737456024,1.53335561670797
83558,Tex11,3594,5.17983049111786,-1.90385152494821,6.21524400795153,0.0000365836477348749,0.0187997737456024,1.99611921705289
100861696,NA,250,2.40791441278543,3.55007788718295,5.935415331174,0.0000568853469242919,0.0281498192687209,2.06195732852011
14159,Fes,2762,0.975736926803187,3.85689346732075,5.90109139216517,0.0000600954924603901,0.0286762812415455,1.87079402527939
109979,Art3,1564,-4.04251855048892,-0.700121236550732,-5.7692716866016,0.0000743137357443892,0.0336054923054642,1.5299678912784
100861924,NA,250,2.1163578808167,3.59010523502543,5.75986255512139,0.0000754557869294159,0.0336054923054642,1.85467384686693
233046,Rasgrp4,4636,1.62015734369542,1.56105200072739,5.72934831133796,0.0000792884258630484,0.0341733115469739,1.80175482712563
215789,Phactr2,8913,-1.44132817723966,-0.739613656216916,-5.60780020734418,0.0000967124629267616,0.0383569006195537,1.66128495848473
23790,Coro1c,3436,-1.15484058633831,4.75892758078624,-5.59012967925095,0.0000995633585955553,0.0383569006195537,1.32957614511188
236285,Lancl3,3920,-4.77852623447406,-4.88251662591664,-5.57946475297037,0.000101326652418665,0.0383569006195537,0.337561822141883
19732,Rgl2,2940,1.30939773218214,4.95599634133625,5.5718396352833,0.000102607473028944,0.0383569006195537,1.30676808850381
20420,Shd,1537,4.50654619093693,-4.20690211289918,5.5674696433962,0.000103349182119896,0.0383569006195537,0.153697161321664
56504,Srpk3,1964,1.13426558384861,5.81681924307632,5.53129579001128,0.000109709691316284,0.0396170590723477,1.23656502313371
16911,Lmo4,2049,-0.756500131449423,4.58588646629427,-5.50848179076842,0.000113931644223047,0.040058965749056,1.22117912730183
216859,Acap1,2482,0.889193599535817,6.90043342441441,5.4755404907908,0.000120331504532287,0.0412243392834844,1.12449036605342
75863,Clec4g,1235,4.9849877660646,-0.00375306975636164,5.43424898393636,0.00012889139212731,0.0430529472553246,0.594211993430963
373864,Col27a1,7635,1.92239896814147,-1.02044272957528,5.37680524950779,0.000141877955043169,0.0462349111544336,1.30133635849548
330256,Gm20559,2991,1.75471176326455,5.50572543936662,5.34809762435259,0.000148876091467652,0.0473603204309356,0.939795368116721
15980,Ifngr2,2070,0.750849092480299,4.88033169886658,5.30406961924787,0.0001603211443875,0.0491243929429756,0.942978015406786
12494,Cd38,2995,-0.876260342848179,5.90415985633148,-5.29871477559155,0.000161774813972826,0.0491243929429756,0.870410971376497
70377,Derl3,1336,0.941245028296716,3.28467714642482,5.23012286173387,0.000181667610330196,0.0539391320360387,0.853526878161931
70300,Fuz,1698,1.02543811470583,3.49298364123823,5.14439401535277,0.000210196044196203,0.0610528118805537,0.785105322592318
217344,Rhbdf2,3934,0.954234857840303,4.43714613311099,5.10857095110096,0.000223472986235912,0.0628756527967045,0.541202429751178
54194,Akap8l,2072,0.779212187805134,5.09386262138056,5.09539698337446,0.000228573872432227,0.0628756527967045,0.522519349550033
622665,Ccdc17,2003,2.18958018718173,2.33299851294292,5.06263088501728,0.000241796222212642,0.0628756527967045,0.66569288671433
217216,BC030867,2543,-1.10667638500464,0.886690699614474,-5.0611712692339,0.00024240353390041,0.0628756527967045,0.658950023649112
171168,Acer1,2429,-5.73326992212015,-3.7387780872469,-5.05985427650024,0.00024295287297149,0.0628756527967045,-0.17181224458851
68192,Leprotl1,2585,-0.85972722166142,3.28096211925002,-5.05566900753562,0.000244707278304665,0.0628756527967045,0.569490968162459
98256,Kmo,2498,0.75977255957945,5.64371547679438,5.02413538307623,0.00025835929892872,0.0645680253160367,0.366668379615424
106763,Ttbk1,6959,-2.1392861494756,-1.43335523338332,-5.015090501026,0.000262420426663393,0.0645680253160367,0.633694450408289
27059,Sh3d19,6414,-1.78364391042097,-0.956264370838796,-5.00769277812518,0.000265791586885863,0.0645680253160367,0.714562160448028
100217457,Snord58b,55,4.03301961786986,3.22281529402402,4.94767302500289,0.000294874085396993,0.0703537974105218,-0.165446325437038
233066,Syne4,1354,2.97139804172564,-0.525684176623297,4.91543236164099,0.000311851081376282,0.0730989876889212,0.137465624320122
104086,Cyp27a1,1890,1.282421016634,2.85768294479935,4.89784422324266,0.000321539865504676,0.0731922706186717,0.364147693118234
15002,H2-Ob,2670,0.93660882276326,8.3078781240504,4.89487702344249,0.000323205146807996,0.0731922706186717,0.0919221621157744
20322,Sord,2259,-1.2333209195164,1.68737289127004,-4.86965889879142,0.000337726980540592,0.0752061697833808,0.363982142937331
12522,Cd83,2145,0.909746454942641,7.91319738307698,4.84279857890144,0.00035394562818819,0.0775256973479084,0.00994396971845379
21887,Tle3,5202,-0.94145953690033,4.61096005009346,-4.82271808518317,0.000366600133828939,0.0777595452819369,0.0323690833508952
26382,Fgd2,2625,0.807787182570976,5.44094158155502,4.82263564843403,0.000366653046385901,0.0777595452819369,0.0392957139032042
83768,Dpp7,1655,1.14735647011174,3.21876556610996,4.80123750870091,0.000380660606857254,0.0792089378557495,0.255816142977551
14567,Gdi1,2657,1.18339781401148,5.6525254215554,4.78874252342039,0.000389097026104185,0.0792089378557495,-0.0617362065550706
18796,Plcb2,5145,1.13010618973145,3.72955362199989,4.78447986675386,0.000392019506901659,0.0792089378557495,-0.000206983477110789
20273,Scn8a,11324,1.09276801742902,-1.77633668055616,4.77700347375481,0.000397200721228592,0.0792089378557495,0.199107168732825
12306,Anxa2,1374,-1.08205726731075,5.84481787635545,-4.76604393666707,0.000404925152481933,0.0795618376810458,-0.126604931427901
19699,Reln,11702,-1.42566677525402,-1.75940777985985,-4.6834503222563,0.000468415275741125,0.0888785685011887,-0.0372197810977593
17217,Mcm4,3589,-0.756439041606199,5.64904878503821,-4.67393744293367,0.000476366525757498,0.0888785685011887,-0.293731771295568
100046034,Gm14279,333,1.7027295969757,4.06561842788203,4.67241840274743,0.000477649151449949,0.0888785685011887,0.15560322996843
20737,Spn,3912,-0.935927729642257,3.57942574964542,-4.67088158310911,0.000478950447727385,0.0888785685011887,-0.206780975232972
100504598,Gm20305,177,4.22578770306701,-0.283502022565017,4.6456996990721,0.000500806714164955,0.0916613494240817,-0.731931650902883
53321,Cntnap1,5360,4.02711855783243,-3.52795755314506,4.6097073242169,0.000533863201853171,0.0957175699410747,-0.353012208258594
109032,Sp110,1971,0.796537797079701,6.0451345644282,4.59685868890277,0.000546206614580664,0.0957175699410747,-0.407072979346927
57330,Gigyf1,5438,0.870250613345018,4.74757931324033,4.59113006311526,0.000551805271584645,0.0957175699410747,-0.41707562762817
69146,Gsdmd,1776,0.809235661609801,4.13267064754702,4.57481032163225,0.000568084158864899,0.0957175699410747,-0.254705710107952
68977,Haghl,1262,1.52621409487523,2.71819945036806,4.56781067710809,0.000575218492595995,0.0957175699410747,-0.0879576487562748
69178,Snx5,2621,0.686622349257133,7.83958742020865,4.54667902192689,0.00059732701617031,0.0957175699410747,-0.53093040644817
12509,Cd59a,1811,1.07250532951052,0.714635089476165,4.54151668150687,0.00060286099564231,0.0957175699410747,-0.23094521912456
20299,Ccl22,1811,2.53957219509939,-0.661305330397942,4.53849355332942,0.000606126461013451,0.0957175699410747,-0.109734690329002
104080,Nxph4,1675,-1.42033790008332,-1.95953527122351,-4.53753929621144,0.000607161023071169,0.0957175699410747,-0.0634662192481361
19248,Ptpn12,3166,-1.0899627564704,2.40844915560658,-4.53504999504007,0.000609868451822914,0.0957175699410747,-0.204462299698199
19300,Abcd4,2527,1.07072066616787,2.20336768284101,4.53309805890047,0.000612000198123437,0.0957175699410747,-0.152566780179871
108105,B3gnt5,4872,0.804854864194855,5.38072717788335,4.52316275083323,0.000622971311300546,0.0957175699410747,-0.536656345001622
14128,Fcer2a,2358,1.04642789285067,7.7645741340394,4.52181011092215,0.000624480690734869,0.0957175699410747,-0.565737605304663
72121,Dennd2d,2345,0.683630937404941,4.74824143519846,4.51936180860344,0.000627222359546071,0.0957175699410747,-0.515278134100923
17969,Ncf1,2721,0.573071061081008,6.37584423319766,4.51279477944635,0.000634638177029393,0.0957175699410747,-0.566632021047352
238555,Btn2a2,2983,3.98789053265826,-3.20809893123202,4.50547726138468,0.000643008819038771,0.0957175699410747,-0.627387528338376
18968,Pola1,5347,-0.764987350267858,3.34873210281229,-4.49069632490638,0.000660268442337238,0.0957175699410747,-0.601453670971259
50767,Pnpla6,4497,0.874853710563664,3.64757217795199,4.47882513116524,0.000674478251027255,0.0957175699410747,-0.588726533287085
269587,Epb41,6923,-1.14598688248438,5.04028083045054,-4.46989235857225,0.000685379786847746,0.0957175699410747,-0.659871819975354
100504591,Gm15987,1082,0.9733849694217,5.49026607639413,4.46035409962302,0.000697222282743801,0.0957175699410747,-0.53298507900608
246709,Rgs13,1497,1.07791571635381,3.46475406234613,4.4584525560981,0.000699608468322502,0.0957175699410747,-0.673986737753449
100044509,Tgfbr3l,1075,2.55588027317421,1.11186204475956,4.45288621732204,0.000706642303199783,0.0957175699410747,-0.219843751079073
100316903,Gm20605,4513,1.38185367765593,2.38559901667079,4.4502438947868,0.000710006877628155,0.0957175699410747,-0.432200906333335
219022,Ttc5,3653,0.735068153782692,4.25523918441703,4.44860442522076,0.000712102828869863,0.0957175699410747,-0.648420733841015
18739,Pitpnm1,4609,1.09999862032649,5.06519939549937,4.44555090751885,0.000716023669456192,0.0957175699410747,-0.695118546796221
242894,Aptr3b,1712,1.73620527561781,0.876018744244022,4.44408802071681,0.000717910001749119,0.0957175699410747,-0.20463684794367
75881,4930579K19Rik,1152,4.38216473074484,-2.00409450595419,4.44036651040296,0.00072273200458414,0.0957175699410747,-0.904981786599197
224907,Dus3l,2304,0.794054000273237,4.82377300981362,4.43973068305677,0.000723559206949221,0.0957175699410747,-0.660400271240957
170787,Hdac10,2705,0.867929379206504,4.84794662630336,4.43397489360187,0.000731092228927142,0.0957659144185837,-0.672006066543673
74617,Scpep1,2074,0.660894358166577,5.847971390061,4.42433663350569,0.000743889154738764,0.0964961455967439,-0.71824932713296
15365,Hmga2-ps1,1510,1.60060766678184,-0.137840561249708,4.38285147823287,0.000801677638027712,0.101601219357634,-0.31439337663505
108995,Tbc1d10c,1759,0.767358353847484,7.30051684310221,4.37931968311531,0.000806807595325757,0.101601219357634,-0.82053180488256
105651,Ppp1r3e,1852,-1.75492464758559,0.945221413203258,-4.37510157303316,0.000812979021993519,0.101601219357634,-0.319360287942261
52468,Ctdsp2,5065,-0.848083304920036,4.22190819263297,-4.37426975729357,0.000814201795349778,0.101601219357634,-0.790365719382562
211550,Tifa,2137,0.671644913791055,3.85372657850441,4.36948955091865,0.000821265750364825,0.101601219357634,-0.725765682341375
21814,Tgfbr3,6053,-3.52691858386616,-3.82119090770544,-4.36221823909428,0.000832132892777574,0.102001170462396,-0.747480639628247
171207,Arhgap4,3321,0.805420424290218,6.68141952007302,4.34578594361235,0.000857243391863154,0.104123899624396,-0.889106748066082
653030,Arhgap27os3,2731,2.34452938791353,3.6289502401951,4.33655436068712,0.00087169329372728,0.104925172049461,-0.655994570556161
216438,March9,1998,-1.59852937004301,1.06369229917755,-4.32928219950113,0.000883253601630004,0.105367422958736,-0.388293638052378
17218,Mcm5,3422,-0.601404840974456,6.03887282020317,-4.29455289867467,0.0009406902373446,0.106413289273169,-0.99484245928917
80905,Polh,2580,-0.620341846962416,4.65891418582201,-4.29454656161246,0.00094070106329396,0.106413289273169,-0.971501079702715
100504021,Gm17638,4343,2.62500106903917,-0.931565004064481,4.2929498342315,0.000943432951288512,0.106413289273169,-0.474027717138727
83397,Akap12,6247,-1.26914187958159,2.55331020113908,-4.28992897723542,0.000948623896780291,0.106413289273169,-0.87406827100208
24055,Sh3bp2,3384,0.646497784352912,4.28039205169126,4.28734761040708,0.000953083041464251,0.106413289273169,-0.859084688053924
78376,Sapcd1,957,2.44198650926354,1.15859359953627,4.28617575306709,0.000955114498793616,0.106413289273169,-0.470856764453329
677289,Prr33,2245,1.57129311544947,2.42071156402841,4.28473937369465,0.000957610624796631,0.106413289273169,-0.594610007134936
93835,Amn,1685,4.65223791960608,-2.18127168359245,4.27852393971281,0.00096848975090364,0.106413289273169,-1.10486207996809
19729,Slc50a1,1022,0.677491429410573,5.84036471713205,4.27032385267893,0.000983038561374489,0.106413289273169,-0.932923127283369
68729,Trim37,5631,-0.73853104815878,2.92292725681683,-4.2644349978099,0.000993625997548009,0.106413289273169,-0.979681370160508
330149,Hfm1,5312,2.41599312847163,-3.62590492237278,4.25700682119307,0.001007149306822,0.106413289273169,-0.50795279085279
621875,A530040E14Rik,1334,0.701920542527357,6.29522981997006,4.2524420449971,0.00101555392434253,0.106413289273169,-1.03639744708171
15000,H2-DMb2,786,0.582305468783655,9.05592780569506,4.25016057092408,0.00101978168805644,0.106413289273169,-1.06357008795136
69440,Dennd6b,4611,1.23861857222839,2.64090226367469,4.24893009375009,0.00102206941301189,0.106413289273169,-0.895083860488699
16906,Lmnb1,2843,-0.834757939678654,6.23813311313404,-4.24113722261434,0.0010366817580832,0.106413289273169,-1.09276867020208
12524,Cd86,2539,1.0838810994409,5.36396650875906,4.23725364697183,0.00104404425265924,0.106413289273169,-1.08176011096566
15945,Cxcl10,1101,-4.1857493192571,-0.271942339391818,-4.23399959889263,0.00105025488189142,0.106413289273169,-0.794502733590521
319997,A630001G21Rik,1936,1.05397985424343,6.73024891896943,4.23166715029214,0.00105473003719703,0.106413289273169,-1.09050882811673
27981,Rsrp1,1415,0.810368876471488,7.62837285700313,4.22925990754444,0.00105936935962008,0.106413289273169,-1.09897140174313
73182,Pear1,4501,0.864437550145352,3.64604502953842,4.22591252679248,0.00106585561636886,0.106413289273169,-1.05301549248504
69368,Wdfy1,4714,1.22753237590758,2.8082409397382,4.21750754134574,0.00108232351561523,0.106413289273169,-0.993948252542806
60595,Actn4,3811,-0.653220677978162,5.82904818725822,-4.2143651977799,0.00108854761423014,0.106413289273169,-1.12563733712473
67804,Snx2,2013,0.643366800241329,7.78186791710304,4.21224284758946,0.00109277229938147,0.106413289273169,-1.13867933680927
269614,Pank4,2565,0.928332908016555,4.60455257926495,4.21014947006497,0.0010969559030126,0.106413289273169,-1.09604210972951
230125,Slc25a51,4438,-0.78110571568138,4.53737980601788,-4.20924585042108,0.00109876688984641,0.106413289273169,-1.11357642525774
14455,Gas5,2554,1.09251605112816,5.75788753380908,4.20908134357938,0.00109909691787271,0.106413289273169,-1.11944848735483
112405,Egln1,3524,-0.880794870416505,3.68872983992306,-4.18901451680062,0.00114013209441071,0.108634423058454,-1.04480299927009
236604,Pisd-ps1,2857,1.1271477131675,5.84500502586331,4.18419068055678,0.00115023024827586,0.108634423058454,-1.15814011980789
11797,Birc2,3140,0.865185459254945,4.95047571720628,4.1816613005189,0.00115556207097687,0.108634423058454,-1.15732558393667
15001,H2-Oa,1049,0.681325319873746,7.36745900380317,4.17823034003385,0.00116283518684273,0.108634423058454,-1.16990947511529
230558,C8a,3636,2.19214387354783,-3.75501604653148,4.17214748834658,0.00117584627048916,0.108634423058454,-0.675461082030961
21939,Cd40,1784,1.10919850818103,6.33158945101603,4.169639310079,0.00118125486938129,0.108634423058454,-1.1891232587198
223453,Dap,1481,-0.891177743654025,5.55435871542711,-4.16647923428056,0.00118810578015941,0.108634423058454,-1.19678460191801
72289,Malat1,6982,2.20396842906542,5.70432914134855,4.15907394529325,0.00120432121671363,0.108634423058454,-1.23377213721237
76681,Trim12a,1525,0.785760438011495,5.35816728404644,4.15865360459364,0.00120524846137493,0.108634423058454,-1.13545616353371
329934,Foxo6,2528,-2.93611997344071,-4.00784013459419,-4.15630062000281,0.00121045261363305,0.108634423058454,-0.944778271015798
212483,Fam193b,4341,1.04577714022694,4.47744933470789,4.15076434301665,0.001222788972559,0.108634423058454,-1.21444139095458
72046,Urgcp,5611,-0.761078132535739,2.47069739474825,-4.14947120538413,0.00122568908094625,0.108634423058454,-1.07431550078888
12750,Clk4,1892,0.844778465728435,5.37486699194493,4.13406892557219,0.00126078219372554,0.108634423058454,-1.23628455956069
14999,H2-DMb1,1284,1.35354596342574,6.6153398363873,4.13237885459181,0.00126469549569793,0.108634423058454,-1.25694875882484
77040,Atg16l1,3180,0.787917601464002,3.88315313157948,4.13208027318761,0.00126538815160747,0.108634423058454,-1.19387497233219
269224,Pask,5119,-0.567644790276294,1.37500793402329,-4.12940659645495,0.00127160806924068,0.108634423058454,-1.19401341635148
15107,Hadh,1720,-0.67924050481322,4.59305274703565,-4.1276420460392,0.00127573029823176,0.108634423058454,-1.1808511582773
27060,Tcirg1,3304,1.17270895553604,5.01517020486299,4.11295376058742,0.00131058335526665,0.108634423058454,-1.29480301521025
243910,Nfkbid,2010,0.778538833785771,4.63469873212968,4.11175417234315,0.00131347280665713,0.108634423058454,-1.19857967266841
21969,Top1,3847,-0.70655571824232,5.89681654024707,-4.10618656638428,0.00132696972173735,0.108634423058454,-1.34089138005011
15382,Hnrnpa1,1918,0.75506944591231,5.78411977044847,4.10217675742272,0.00133677872764399,0.108634423058454,-1.31295879687044
66367,2310022A10Rik,2715,-0.695340269144261,3.61831756166649,-4.10140912095183,0.00133866506623593,0.108634423058454,-1.22117716000347
50780,Rgs3,7301,-1.67580321996732,0.108527181812968,-4.09897869465992,0.00134465554462003,0.108634423058454,-0.854488730157846
78416,Rnase6,1072,0.76377371559732,7.00728639180323,4.09845117061328,0.00134595942260078,0.108634423058454,-1.31747508623214
52857,Gramd1a,2681,0.771360356961486,5.65483076576482,4.09841966465106,0.00134603733691336,0.108634423058454,-1.32452125793221
18769,Pkig,1431,-0.825232956991816,6.8615533375818,-4.09560515518137,0.0013530164108461,0.108634423058454,-1.34432471734542
18645,Pfn2,2020,-0.988532834808409,1.7433467180594,-4.09387138611586,0.00135733414639083,0.108634423058454,-1.09200498878069
15015,H2-Q4,1793,0.807712552284228,7.70172395643515,4.09314163551272,0.00135915574224337,0.108634423058454,-1.35330091247682
17219,Mcm6,2901,-0.671861361981549,6.44595568217603,-4.09078030047421,0.00136506736283674,0.108634423058454,-1.37586500549745
20384,Srsf5,1653,0.86188057111859,6.821720936357,4.09042491465588,0.00136595936485444,0.108634423058454,-1.34997823220493
67789,Dalrd3,1737,0.790573188368829,4.90727080244964,4.08591667779443,0.00137732709983151,0.10889033953165,-1.30506427987415
50771,Atp9b,5432,0.602449665186413,3.6570532227921,4.08168508306686,0.00138808594727599,0.109095390244438,-1.31125407137275
17215,Mcm3,2886,-0.690749159406672,6.20342337793429,-4.07415801608142,0.00140743800402024,0.109183902677807,-1.401607933437
99167,Ssx2ip,3696,-1.35862344284837,1.00369360843779,-4.06746942767538,0.00142486747290493,0.109183902677807,-1.09540168039491
14991,H2-M3,1425,0.746825604346373,6.07877366534799,4.06421842362785,0.00143341923234685,0.109183902677807,-1.36646970297552
353310,Zfp703,3305,-1.13213726747826,1.72825163404925,-4.05619204600483,0.00145475965623899,0.109183902677807,-1.07408370349168
67171,Dram2,2197,0.762410803601284,4.71538917736999,4.05595761347458,0.00145538785616897,0.109183902677807,-1.37649305867157
70546,Zdhhc2,2498,-0.89382121613931,0.702303094613111,-4.05296393657715,0.00146343449669608,0.109183902677807,-1.26722221472646
19739,Rgs9,8531,0.961126455227582,-1.80859385977443,4.05009431057323,0.00147119069927097,0.109183902677807,-1.18318229568707
209361,Taf3,4805,-0.677588763940166,2.47308723284825,-4.0497449423622,0.00147213787860646,0.109183902677807,-1.23176948437084
234396,Ankle1,2134,1.26082547259768,1.24912166586308,4.0439227066079,0.00148801538869074,0.109183902677807,-1.26852880894269
18754,Prkce,6254,-0.975656236990672,2.7381395581211,-4.04152600121797,0.00149460243111605,0.109183902677807,-1.22519950691007
243529,H1fx,1062,-0.786623483439933,2.50794238740727,-4.04111353944802,0.00149573905356649,0.109183902677807,-1.41369216941226
12952,Cry1,3016,-0.835467456787266,2.48125004423886,-4.03913194379509,0.00150121216092231,0.109183902677807,-1.08088421728174
11461,Actb,1889,-0.567496252767198,11.2590793432469,-4.03727536095821,0.00150635868855393,0.109183902677807,-1.5065118343132
434484,Sp140,2417,0.742446162254065,5.78400610434053,4.03527727163002,0.00151191776811284,0.109183902677807,-1.45024385045574
57370,B4galt3,1998,0.664465783393996,4.13880207747387,4.0329909315902,0.00151830472562353,0.109183902677807,-1.30297048979797
67664,Rnf125,1334,-1.13114517175336,0.239047371173037,-4.03199033285301,0.00152110865542757,0.109183902677807,-0.948686812950657
16992,Lta,1383,0.746870338067402,5.68663038645209,4.0294918367426,0.00152813335833769,0.109183902677807,-1.44729259701384
319200,Gpr82,2497,3.33161629276455,-3.0253721657128,4.02550772252235,0.00153940411252277,0.109327700254102,-1.21533352646975
74360,Cep57,2843,0.815035986144025,4.93182354093937,4.02003772636521,0.00155501779609145,0.109327700254102,-1.47169328445957
101883,Igflr1,1186,1.12517469712213,2.87578046041457,4.01684147884023,0.00156421656030319,0.109327700254102,-1.04078858423514
13844,Ephb2,4780,-3.90346447723067,-5.46967078357527,-4.01119775857484,0.00158059604113598,0.109327700254102,-1.34965579270559
12748,Clk2,2310,0.805558337541214,5.04103393993085,4.00807061927047,0.00158974763116157,0.109327700254102,-1.47178211613867
66771,Gid4,4400,-0.753284434070042,3.06849426879856,-4.00785701901838,0.00159037471834616,0.109327700254102,-1.35135316103628
74775,Lmbr1l,2167,0.709014805361114,4.82489172339863,4.00548881529113,0.00159734435588319,0.109327700254102,-1.4447496915731
67586,Ubxn11,1577,1.25609634488348,3.29533497747646,4.00520901700086,0.00159816987619089,0.109327700254102,-1.30102223287157
18037,Nfkbie,2422,0.534933339852926,5.81324212060451,4.00177412198591,0.00160834006059089,0.109327700254102,-1.49570321233793
208154,Btla,3235,1.05673444773792,7.63240455182727,4.00055289818207,0.00161197192950065,0.109327700254102,-1.539075960545
233016,Blvrb,865,-1.29795096026914,7.78507569692787,-3.99744401227762,0.00162125573704043,0.109402009609077,-1.53657633271186
28000,Prpf19,6333,-0.627583200411924,4.44916400721857,-3.98689871217816,0.00165315783752258,0.110962756453134,-1.53678424836323
77832,Tchp,2863,0.902820533809778,2.62930564592123,3.98416380954195,0.00166153649446802,0.110962756453134,-1.29114640455674
18005,Nek2,3197,-0.601699582143715,3.29173383499598,-3.97936468643202,0.00167634476329629,0.110962756453134,-1.54489139943345
60505,Il21,3072,-1.6236527302835,-1.51800671078728,-3.97895836458309,0.0016776047304493,0.110962756453134,-0.972537787461514
620078,C130026I21Rik,1971,0.890127841042516,2.73683514742728,3.97567013788315,0.0016878371009575,0.111089613329523,-1.34771973116429
60361,Ms4a4b,1259,-1.7275262674589,3.20626594155429,-3.96476172821363,0.00172224378955773,0.112798525844514,-1.26809677120286
102774,Bbs4,2542,1.16410531228931,1.23335278148837,3.96169571102315,0.00173204360591818,0.112814452576304,-1.08832200385681
229363,Gmps,4567,-0.549118640690055,3.95256138460417,-3.95941389015241,0.00173937409106494,0.112814452576304,-1.56361713205539
54486,Hpgds,3298,1.06810597941351,1.64227629088364,3.95435297957037,0.00175574652458426,0.113068163500004,-1.3110286318152
320046,F730043M19Rik,1551,1.23212378004394,1.66673029089226,3.95219408990779,0.00176277878933056,0.113068163500004,-1.25970848859293
100500713,9530027J09Rik,1684,2.651212747918,-0.626002807303005,3.95033826932633,0.00176884697371183,0.113068163500004,-1.0593831507911
243958,Siglecg,2484,1.10669189309412,7.25575939691371,3.94566301797874,0.00178422945978345,0.113068163500004,-1.6336422384115
21885,Tle1,4369,1.17588551133533,1.12983426665374,3.9452489075707,0.00178559857035407,0.113068163500004,-1.16714254154292
68395,LOC68395,1064,1.35130952479596,6.20253660474582,3.93098530293238,0.00183342069563935,0.114836541806873,-1.55126345093947
23961,Oas1b,1840,1.09650745052576,3.03004445987904,3.93046769218054,0.00183518063226359,0.114836541806873,-1.3258107984736
16549,Khsrp,3999,-0.685642139290843,5.76432255796853,-3.92925523277274,0.00183930992789992,0.114836541806873,-1.658654263861
73658,Spns1,2782,0.765175076568141,3.72882266385591,3.91712011583164,0.00188116796285615,0.115047608424217,-1.55105159536444
21414,Tcf7,2238,-1.68857025909465,2.13020485441293,-3.91706081930316,0.00188137487930066,0.115047608424217,-1.42724620530262
18972,Pold2,1610,-0.825864675896633,4.44974070782157,-3.91387067636822,0.00189254145129115,0.115047608424217,-1.56868811792393
12493,Cd37,1226,0.582102635916639,9.46725478010719,3.91192299619175,0.00189939240492379,0.115047608424217,-1.710787117062
12504,Cd4,3095,-1.6957595664536,0.877338632120656,-3.90574749904317,0.00192128343306325,0.115047608424217,-1.34960680735033
76866,Morn1,1661,1.67714555329282,0.63447925716357,3.90525955979689,0.00192302408825505,0.115047608424217,-1.1240041484774
215705,Arrdc1,1772,0.67238597091604,5.18006685913165,3.90525726842477,0.0019230322662215,0.115047608424217,-1.64449980444295
15024,H2-T10,2897,0.893086623585299,4.13212642561372,3.90235615341401,0.00193341509808363,0.115047608424217,-1.55928814967143
241794,Kcng1,2316,1.73097027283592,0.857511608821528,3.90129324457219,0.0019372335355528,0.115047608424217,-1.10036543904126
15505,Hsph1,3478,-1.03323080949893,5.12670709334964,-3.90065175638737,0.00193954178709248,0.115047608424217,-1.6871890390942
100049164,B130046B21Rik,2467,1.51412395740163,0.306539763070445,3.89873936315326,0.00194643986470662,0.115047608424217,-1.12513310976747
16336,Insl3,587,1.85741717727328,3.35802626879702,3.89717726746544,0.00195209307840376,0.115047608424217,-1.13143269813677
54645,Gripap1,2922,0.758249425860428,5.48593711247415,3.89647786245023,0.00195462967684284,0.115047608424217,-1.69340777476013
320466,A230103J11Rik,2125,2.13169460412735,-0.926910099414408,3.89073593327117,0.00197558272430703,0.115415601315736,-1.12876782943788
74103,Nebl,2980,-1.81957176193047,0.277725467472079,-3.88493751432048,0.00199697577726727,0.115415601315736,-1.12868632171368
19280,Ptprs,6977,1.44987190527893,1.33431113609899,3.88472197204666,0.0019977755772498,0.115415601315736,-1.43565254803673
54712,Plxnc1,7045,0.663101294938043,4.48717159190622,3.88384693536908,0.00200102589955896,0.115415601315736,-1.72521124309058
380912,Zfp395,4229,-0.953533165104194,1.9551693718994,-3.88119952398555,0.00201089276857596,0.115415601315736,-1.34441762305116
110557,H2-Q6,981,0.795962626571102,8.16385180109769,3.88071305354191,0.00201271125713393,0.115415601315736,-1.73785258105577
66237,Atp6v1g2,1494,1.62556893997945,1.22236555726606,3.87316324873785,0.00204115055106196,0.116546207319397,-1.18038748682558
108072,Grm6,4332,1.43467913145179,1.37710813039655,3.85807740119926,0.00209921787709187,0.118928708999015,-1.45269916825707
108077,Skiv2l,3963,0.692054170708074,4.93804431285094,3.85770328058807,0.00210067923985985,0.118928708999015,-1.77411345682992
70316,Ndufab1,800,1.13792876712986,2.73817285036536,3.85162074550233,0.00212458521340148,0.119428385839538,-1.33294569382105
106205,Zc3h7a,3823,1.14032442325113,5.53835747124065,3.85091363676559,0.00212738236882046,0.119428385839538,-1.79872558211115
20708,Serpinb6b,1859,0.932941048155747,3.06047289674883,3.84854160432903,0.00213679316214998,0.119454784265631,-1.64663153316319
17207,Mcf2l,5512,4.90920547192094,-3.67851536882501,3.84441111471004,0.00215328239031551,0.119619704690063,-1.46120145670485
215772,Adgb,5218,2.11119189694908,-4.51526186420876,3.84332271201155,0.00215764904051383,0.119619704690063,-1.1899476726894
52609,Cbx7,2893,0.737584455586635,5.27508336948273,3.8392722008471,0.00217397947331071,0.119784996816543,-1.79030094098822
70772,Ggnbp1,1784,1.43110183751976,0.919621656941006,3.83814140905786,0.00217856105279694,0.119784996816543,-1.26956340342514
100502778,Gm19365,1197,2.15331412176939,0.233849973314224,3.83471240794213,0.00219251475139284,0.120058154071146,-1.21933690300274
225372,Apbb3,2062,1.0132038322801,3.60837208786676,3.82819543927473,0.00221928724423684,0.12102815049081,-1.62002880117367
66826,Taz,1854,0.825409760593905,4.87383952833778,3.82096334845946,0.00224938977257945,0.122171125005829,-1.74331227509364
66805,Tspan1,1971,1.95210576428953,-2.38244737278421,3.81508342368957,0.00227417208371081,0.122674127266383,-1.23774953613672
76166,Rsg1,951,-2.40772129440298,-0.369443914709377,-3.81441334769093,0.00227701396318113,0.122674127266383,-1.39548777303103
108672,Zdhhc15,5509,-3.31848492453481,-4.12615265796929,-3.80955800183827,0.00229771503129885,0.123292251137285,-1.48672544424633
434428,Gm5620,1515,-0.669282361144606,4.55495794291161,-3.80506954649039,0.00231702320210152,0.123535653035057,-1.82200098383746
68607,Serhl,1367,0.81042373094955,3.78181224931818,3.8024544250121,0.00232834926579374,0.123535653035057,-1.70089926285704
14450,Gart,3329,-0.57322666400821,5.14279848417689,-3.80207687285007,0.00232998911494906,0.123535653035057,-1.87733301416054
19025,Ctsa,3674,0.532300063605418,5.75198961855041,3.79553989777506,0.00235856977918268,0.124411263951562,-1.89801603576496
78777,Enthd2,2779,0.795107487125418,3.20755547031784,3.79405157634148,0.00236512693987702,0.124411263951562,-1.73797499285019
56325,Abcb9,3334,-3.06384905185368,-0.791106603480784,-3.78988831935118,0.0023835684256746,0.124856522859046,-1.34797221488091
12747,Clk1,3088,1.04619704789743,6.2678847771475,3.78621231338561,0.00239997387871838,0.124856522859046,-1.92313077815176
234373,Sugp2,4337,0.825164046993917,3.84855184510372,3.78126120303968,0.00242225267842346,0.124856522859046,-1.88305641698248
72119,Tpx2,4365,-0.556784570519814,3.09962176061475,-3.78010645179928,0.00242747913644251,0.124856522859046,-1.92885035758627
17220,Mcm7,2396,-0.619719656433985,5.8112551369965,-3.7746319455328,0.00245241442627226,0.124856522859046,-1.9520230734251
327799,Usp44,3957,1.30139421730257,-1.55171371473465,3.77299211467459,0.00245993440337383,0.124856522859046,-1.48412320639836
100503311,Pifo,1127,3.3191069539301,-1.74287715980031,3.77200788816877,0.00246445921456617,0.124856522859046,-1.82186062106852
70804,Pgrmc2,3007,-0.68537451313231,3.61097319441028,-3.77194549528485,0.00246474634179861,0.124856522859046,-1.82441830869088
338371,Endov,5277,0.626412878866985,2.1604760889493,3.76953422406968,0.002475869074488,0.124856522859046,-1.72331174462549
68075,Lurap1,1427,1.08009247626793,1.81838826002949,3.7694676209848,0.00247617702922586,0.124856522859046,-1.54492074679569
215707,Ccdc92,2256,-1.28182313872069,1.08296214345059,-3.76942266988097,0.00247638489317021,0.124856522859046,-1.55933205347838
22761,Zfpm1,3386,-1.87036943057739,3.57109779408251,-3.76320226348109,0.00250532221079467,0.125840639317397,-1.80111491819782
211007,Trim41,3470,0.554542553699475,3.77890635967818,3.75600457787353,0.00253923768882999,0.127066497230178,-1.9131520810449
227937,Pkp4,4614,-0.778784219093307,0.548730399979273,-3.75173741685958,0.00255956579748691,0.127227978407449,-1.73106302576399
328110,Prpf39,4068,0.851335014730497,4.61001807981574,3.75133125679265,0.00256150933250534,0.127227978407449,-1.95847570304912
66625,Pnisr,4545,1.13079872220399,5.27408183759453,3.74712143800769,0.00258174299060072,0.127390410845582,-1.98838278298443
100504586,Gm20300,3440,0.807072286214714,2.49150590473349,3.74609445475903,0.00258670372002515,0.127390410845582,-1.73505940703563
19094,Mapk11,2444,0.745639724679737,4.73591606769306,3.74357047420621,0.00259893696197476,0.127390410845582,-1.91215430329176
56706,Ccnl1,2145,0.909034772662182,6.13722298637279,3.74275179882572,0.00260291760802663,0.127390410845582,-1.99821981812726
22214,Ube2h,4780,-0.831865979594564,4.72258057775292,-3.73953654436835,0.00261861152265216,0.127690761146553,-1.995750317636
67457,Frmd8,3166,-0.59285127648054,4.09046614930535,-3.73317755379263,0.0026499355904173,0.128270412262719,-1.94263842361541
53609,Clasrp,2154,0.754398448689958,4.58907958475319,3.73084120406614,0.00266154026954812,0.128270412262719,-1.95705456957745
68490,Zfp579,2159,1.9105325526048,1.52410500705812,3.72818936347467,0.00267477491976452,0.128270412262719,-1.46131535269992
19395,Rasgrp2,2193,0.53951545215385,6.25089328365102,3.72583573353661,0.00268657758364136,0.128270412262719,-2.01433720094454
20910,Stxbp1,4005,-0.757607084405658,1.59753875346245,-3.72583245829973,0.00268659404486724,0.128270412262719,-1.9002955586105
67210,Gatad1,2547,-0.732542737429376,4.23423229147272,-3.72442510220629,0.00269367690914284,0.128270412262719,-1.95839863025452
12445,Ccnd3,2261,-0.744470765069729,5.81076172957473,-3.72348798606445,0.00269840375130773,0.128270412262719,-2.04332218916871
17972,Ncf4,1454,0.554104156567501,6.53724898467544,3.72172849654348,0.00270730156860166,0.128270412262719,-2.0140940415973
72655,Snhg5,1011,1.26870196190115,5.03188489031963,3.71435056369862,0.00274493958060993,0.129594126277488,-1.97664308223579
69601,Dab2ip,7090,-0.860719058127507,0.258858453826332,-3.70939171730678,0.00277053665934695,0.129939085831941,-1.71950851876756
76582,Ipo11,4282,-0.591978512141719,3.33200627619272,-3.70899063421162,0.00277261763486975,0.129939085831941,-1.98789474870045
77521,Mtus2,7543,3.15605615451685,-3.02130270138884,3.70729710384685,0.00278142194056845,0.129939085831941,-1.48579365026272
239096,Cdh24,2728,1.08088936419921,1.43483155236033,3.70405802619897,0.00279834080556746,0.13010798559554,-1.73812632493333
234695,Rltpr,2504,0.83510114053771,5.79025554535944,3.70288132473717,0.00280451312413108,0.13010798559554,-2.07136911378169
240873,Tnfsf18,2064,1.61517069996411,-0.682648530530235,3.69827427048344,0.00282881318267938,0.130704847806103,-1.43514478185798
67742,Samsn1,1845,0.679871337109708,5.89772085362324,3.69284898390474,0.00285770477555708,0.130704847806103,-2.05622894050868
76123,Gpsm2,3488,-0.546085805859074,1.37502256530671,-3.68861279183379,0.00288047326554377,0.130704847806103,-2.0315321504284
16185,Il2rb,2697,-1.3765022784666,2.02445313744836,-3.68750703786868,0.00288644682994261,0.130704847806103,-1.7574821938641
72171,Shq1,1990,-0.813629338159586,2.3865718554619,-3.68612962282944,0.00289390566073811,0.130704847806103,-1.7496984059741
70178,Abhd17c,2238,-0.846274579457525,3.7344370985346,-3.68540699269482,0.00289782663254997,0.130704847806103,-1.9547224131921
234344,Naf1,2990,-0.674891753750189,2.2297917382685,-3.68536778811329,0.00289803951051439,0.130704847806103,-1.8277408459446
69674,Mif4gd,1841,0.557840073016972,7.61541836446155,3.68524345984952,0.00289871470928885,0.130704847806103,-2.12204856815985
13682,Eif4a2,3174,1.01587101940466,7.30480016630744,3.68401005847731,0.00290542173478127,0.130704847806103,-2.12793578720159
68646,Nadk2,3732,-0.766374436112635,3.21242491011809,-3.67593302325596,0.00294973635397994,0.131871770302302,-2.03048036478703
51792,Ppp2r1a,2256,-0.590276819879416,6.50745742369912,-3.67568627941805,0.00295110091463125,0.131871770302302,-2.1300659704323
11431,Acp1,3221,-0.925146525937632,3.15815953237623,-3.67256765193133,0.00296840337761473,0.131984981879318,-2.01376471342324
73683,Atg16l2,2164,0.875281588926693,4.89726433800671,3.67167208371994,0.0029733911792287,0.131984981879318,-2.09022307791515
22342,Lin7b,716,3.48375945089425,-2.04738868942724,3.66811239330173,0.00299330127519573,0.132198997051867,-1.86784380053119
20133,Rrm1,3997,-0.561746665566106,5.75347023382354,-3.66604138976035,0.00300494734368719,0.132198997051867,-2.16656439572445
83486,Rbm5,3087,0.591958702978419,6.15527287789401,3.66551837748552,0.00300789574910318,0.132198997051867,-2.14747219029776
11891,Rab27a,2971,-0.665264292437901,3.06028784352323,-3.66045156501061,0.00303661234049937,0.132612797880943,-1.98936946186298
382018,Unc13a,7960,-0.946230826597069,-1.60486325700479,-3.66035512925737,0.00303716160104548,0.132612797880943,-1.67293932949604
68861,1190002N15Rik,3950,-0.827423435462039,2.23704247783322,-3.65343133172273,0.00307686274466891,0.13349697730069,-2.01330130906852
14070,F8a,2490,-0.75943048609939,2.68899650686924,-3.65244138556244,0.00308258218310323,0.13349697730069,-1.85246412654927
80914,Uck2,1338,-0.792504964436587,3.77908331505686,-3.65161134377005,0.0030873861227388,0.13349697730069,-2.04196735630036
58988,Rps6kb2,1491,0.744630893395098,4.06081815465296,3.64346708633601,0.00313492843288292,0.134019809976007,-2.04427136796249
20405,Sh3gl1,2075,0.499599693529889,5.33831670777761,3.64239491107383,0.00314124262472118,0.134019809976007,-2.1628169044293
67261,2900005J15Rik,2033,3.39033579161972,-3.23478892714579,3.64233668757685,0.00314158588192268,0.134019809976007,-1.94318472918743
435145,Shisa8,1804,1.12582041610559,2.42887177783493,3.64180150009931,0.00314474287608737,0.134019809976007,-1.85847731669171
56275,Rbm14,2809,-0.708590614968592,5.18890317639755,-3.64097391630398,0.00314963104052588,0.134019809976007,-2.17304240558609
70785,Dennd1c,2521,1.07381352872984,5.69491232570516,3.63518006932796,0.00318407023553218,0.135055118783954,-2.18591177848422
231672,Fbxw8,4978,-0.680658929433429,3.35731961013399,-3.63237006595069,0.00320091110396873,0.135103883447828,-2.14245645113567
51786,Cpsf2,5315,-0.476676877456552,5.4264419665809,-3.63161637412655,0.0032054435336398,0.135103883447828,-2.22454463436678
171504,Apobr,3600,-0.998007664151369,0.0244844409265638,-3.62656319507744,0.00323600086545724,0.135962916865957,-1.77963105222709
625098,Slc38a6,2959,1.19317144642712,1.21825776744551,3.62161130574374,0.00326623358385697,0.136802968382172,-1.75787087022783
22154,Tubb5,2645,-0.581583703769535,7.17421642644129,-3.61884887056739,0.00328322390018992,0.137084857907617,-2.25637338410687
76080,Ttpal,4523,0.520521899613541,6.09141816829984,3.61288519831188,0.00332021093839625,0.137609435207024,-2.25633478101033
22340,Vegfb,1282,-0.585517187157562,3.69280550791787,-3.61251175968702,0.00332254109425956,0.137609435207024,-2.04396292165336
29810,Bag3,2595,-1.44756627832699,-0.718582338379722,-3.61176133257722,0.00332722859246321,0.137609435207024,-1.59138806538373
622070,Gm15133,832,3.7271642537761,1.39629975921008,3.61020285867658,0.00333698503159014,0.137609435207024,-1.6369126954912
217198,Plekhh3,3007,1.88973299330119,-2.29234724760187,3.60290077897862,0.00338308730519293,0.138431638182768,-1.5846624511425
227737,Fam129b,3693,-3.91839454281982,-2.40146218296227,-3.60176626889026,0.00339030810386756,0.138431638182768,-1.88519856367364
12517,Cd72,1503,-0.668038368186314,7.48292901251661,-3.59813604129647,0.00341351894161386,0.138431638182768,-2.26968988216951
232413,Clec12a,2222,0.827717737898458,3.72641426567554,3.59679848842752,0.0034221116649455,0.138431638182768,-2.22393534427229
269713,Clip2,4995,0.506876235688929,3.38377455488692,3.59617745038446,0.0034261088256278,0.138431638182768,-2.26778770152837
329584,Slc2a4rg-ps,2986,1.22588227960568,2.70454323526656,3.59362663557734,0.00344257642804799,0.138431638182768,-2.01867298915807
14872,Gstt2,1370,0.963732416288148,4.67333304172493,3.59137647134613,0.00345716994542191,0.138431638182768,-2.23339746877625
67956,Setd8,2738,-0.636508117051122,4.45789526427223,-3.5908096519616,0.0034608559882516,0.138431638182768,-2.24645494265707
84544,Cd96,2181,-2.27092228260792,-1.24654980910877,-3.59006085584388,0.00346573156300698,0.138431638182768,-1.60540494180755
80720,Pbx4,1347,1.16195525133233,1.71005077864555,3.58871260457353,0.00347452794987135,0.138431638182768,-1.76320576004211
54613,St3gal6,1593,0.59826207085301,4.9855019876166,3.58829258007255,0.00347727295136904,0.138431638182768,-2.20284173716593
69551,2310022B05Rik,3307,-1.35714143927284,1.67598667277465,-3.58408994712145,0.00350486036351496,0.138431638182768,-1.86088855571014
72750,Fam117b,5532,-0.712736137787093,3.77376437634445,-3.5836030232927,0.00350807104749607,0.138431638182768,-2.24470198337618
383619,Aim2,2541,0.804450823664417,4.97692756254018,3.5820887527206,0.0035180749975393,0.138431638182768,-2.26935849763316
106794,Dhx57,5077,0.776047438060654,3.97561553709312,3.58118584776468,0.00352405379923233,0.138431638182768,-2.26618184612874
109077,Ints5,3294,-0.530752693377948,3.92123668534164,-3.58043178468376,0.00352905492916116,0.138431638182768,-2.22888367600997
216516,Ccdc157,5153,0.866147015449176,0.700242554253528,3.57982898269213,0.00353305805106833,0.138431638182768,-1.86057701139162
19286,Pts,1036,0.710000044668824,5.75145337984319,3.57681384904371,0.00355315056656378,0.138486708000857,-2.24086692803195
117160,Ttyh2,3456,1.5677245925453,-0.643043035915758,3.5764889079897,0.00355532286422283,0.138486708000857,-1.63065046154363
99712,Cept1,2773,0.593201937158006,5.17663867759058,3.57496052794867,0.00356555853246724,0.138486708000857,-2.29663640598121
74757,5830416I19Rik,2630,2.68369686439403,-2.05270644024869,3.56677749517515,0.00362087290240779,0.139431009383967,-1.64437676318145
80743,Vps16,3206,0.696323903690856,5.059402080455,3.56259846641845,0.00364945746573468,0.139431009383967,-2.31938927125478
99382,Abtb2,4558,-0.785187024677267,1.29306912369163,-3.56224541526621,0.00365188282203128,0.139431009383967,-2.01419381904669
20534,Slc4a1ap,2425,-0.578432816142321,3.95632041953718,-3.56193643413632,0.00365400677508182,0.139431009383967,-2.19275491946468
22779,Ikzf2,9424,-1.6723006612284,-2.78762762061594,-3.56069236880814,0.00366257126408915,0.139431009383967,-1.72474232147242
224440,Setd4,1826,0.944946217369472,2.04445073097683,3.56064904810788,0.00366286986318229,0.139431009383967,-1.81489705291883
268420,Alkbh5,6025,-0.620388226590134,4.80271985392395,-3.5574656319239,0.00368488024966793,0.139431009383967,-2.34787573270935
236790,Ddx26b,3808,1.1894613511934,4.14178569939554,3.55743772696212,0.00368507378005626,0.139431009383967,-2.33469493586415
55935,Fnbp4,4691,0.905558846482573,5.14220379480517,3.55542681218588,0.00369904739294535,0.139431009383967,-2.35145638416387
16199,Il9r,3086,1.86261586690405,4.82702936671417,3.55364383353097,0.00371148215057857,0.139431009383967,-2.28838667877988
74485,Lrrc71,3988,1.74951308091307,-2.30839871875265,3.55333103850486,0.00371366800642668,0.139431009383967,-1.67145406646875
66972,Slc25a23,3362,-2.31373014099014,-0.0775093493776276,-3.55312634814223,0.00371509911987818,0.139431009383967,-1.66516164482633
78816,Gmip,3925,0.629072731863711,6.0565773652206,3.54872658708342,0.00374599638158379,0.139821057749486,-2.37150375348094
170759,Atp13a1,3915,0.656783619348541,5.04072743551836,3.54866629715433,0.0037464215758039,0.139821057749486,-2.35624954469382
67493,Mettl16,2718,-0.673587120381343,3.82323107110427,-3.54553536176376,0.00376857001635638,0.139947536713944,-2.24660201989298
75316,Taf1d,1699,0.858186172822472,4.80897380335131,3.54489238493354,0.00377313492037873,0.139947536713944,-2.32046822864414
19087,Prkar2a,4041,-0.9743230803339,2.37579739040248,-3.54248783532655,0.00379025621275051,0.139947536713944,-2.22451124609214
72000,Lmntd2,2047,1.32355103436601,1.70962844341963,3.54228447527888,0.00379170782804039,0.139947536713944,-1.8745829523361
231855,Ap5z1,3817,0.764604120931553,3.31434677875218,3.53548850103555,0.0038405447863043,0.14135955617028,-2.26933328468619
100502987,Gm17066,3691,0.966478055992582,3.81898650497637,3.53161826888239,0.00386864199523601,0.142002543127331,-2.34356184515981
21926,Tnf,1619,1.26764841666608,3.9647731723038,3.5272541963057,0.00390057497036191,0.142522508695409,-2.27232325333999
12519,Cd80,1701,1.12281537003146,1.31359175575691,3.52551905039947,0.00391334571727459,0.142522508695409,-1.92559771099649
22354,Vipr1,4902,-3.30287779241291,-3.40905050477465,-3.52408494855913,0.0039239328144421,0.142522508695409,-1.81855481457746
170750,Xpnpep1,2406,-0.717277602157141,4.58429670669694,-3.52387625722567,0.00392547587754738,0.142522508695409,-2.36652120052264
69225,Carkd,1421,0.695365432607611,4.255168186077,3.52067758605407,0.00394920409611737,0.142995436119849,-2.26775930120324
13006,Smc3,4851,-0.642681913378359,4.86446210805543,-3.51132537396828,0.00401941898699496,0.145144478608756,-2.43288517087782
100628611,Mir5107,88,2.0838118307969,5.39094425546814,3.50748167077814,0.00404864314721082,0.145373675093828,-1.77648016430499
17685,Msh2,3056,-0.580807284910707,4.85207209145705,-3.50523678743544,0.00406581095119464,0.145373675093828,-2.42896901753486
20300,Ccl25,1274,1.70810157370384,0.506533208994259,3.50517453076645,0.00406628811223656,0.145373675093828,-1.76743243216194
235527,Plscr4,3259,-3.61488116195863,-3.02599592922111,-3.50478332016978,0.00406928781416749,0.145373675093828,-2.0000641837993
12416,Cbx2,3740,-0.569518754794788,1.20319619390556,-3.50208639387105,0.00409002834891991,0.14572498338645,-2.25146944353607
268759,9930012K11Rik,1986,1.09542539640118,2.38979634788498,3.49978082784862,0.00410784419621204,0.145970495493588,-2.20246742583382
228960,Stx16,3736,0.851429408165282,4.89862842144368,3.49491561167002,0.00414569814468529,0.146606227874943,-2.45438230557193
78801,Ak7,3093,2.28732665870445,-2.20686150497138,3.49466211910576,0.00414768012399735,0.146606227874943,-1.76047400213543
54393,Gabbr1,4486,1.36695912340169,2.25258674670606,3.49028108499319,0.00418208635035185,0.147244045537188,-2.20107657673373
12530,Cdc25a,3627,-0.49003022915107,3.43766774435911,-3.48956143829918,0.00418776568401552,0.147244045537188,-2.42993657642682
74732,Stx11,2396,-0.687864591110212,2.54148258689167,-3.48711349153106,0.00420714311598317,0.147537110689373,-2.13877692336402
246277,Csad,2265,1.05864674739777,2.55486831799199,3.48489628307665,0.00422477256038075,0.147767503087034,-2.16016834955315
52276,Cdca8,1626,-0.669494987115154,4.22106554639834,-3.48017762039431,0.00426254137194848,0.148414389956742,-2.4769561963109
243961,Shank1,7596,2.58916384304224,1.09095446270482,3.47981181985811,0.00426548355238296,0.148414389956742,-1.96094507634777
100040766,Mroh2a,7526,1.81006900749018,-3.14421268567164,3.47635575221828,0.00429338299518111,0.148709336040869,-1.85324147414342
100503045,Gm19524,659,1.2059451697969,2.67636640770375,3.47600551565713,0.00429622062059542,0.148709336040869,-1.9924607204895
14423,Galnt1,4062,-0.474185549612662,5.96704091406678,-3.47363645369701,0.00431546482245191,0.148761348416313,-2.51244238892399
68682,Slc44a2,3592,0.476800070739311,6.17426121520431,3.47186689414721,0.00432989619300917,0.148761348416313,-2.50822225939173
103836,Zfp692,1949,1.04242013395867,3.21179265567423,3.4706738969777,0.00433965310196868,0.148761348416313,-2.23079323139569
72042,Cotl1,1639,-0.660964753104007,8.5799189830217,-3.47035569771791,0.00434225925322671,0.148761348416313,-2.53934409786686
68149,Otub2,3715,-0.533784899460073,2.91304839701503,-3.46871304114907,0.00435573838345859,0.148841484760589,-2.48030590961913
107239,Carns1,3968,1.04658967135703,2.82367365481587,3.46674248594733,0.00437196412544523,0.149014828265494,-2.33150922906999
192662,Arhgdia,2732,-0.533168087084538,7.77239348453236,-3.4645341443596,0.00439022064585077,0.149256330914026,-2.54943873711191
81703,Jdp2,1881,-1.10984128539493,0.852327607845991,-3.46230533191059,0.00440872475830951,0.149505003796379,-2.01495269347279
229541,Dennd4b,5399,0.632402929395639,5.61002848700623,3.45598640710465,0.00446161681493762,0.14970754317996,-2.5426683916223
105732,Fam83h,4628,-2.47508617877236,-3.83236862349337,-3.45515219354361,0.0044686474221487,0.14970754317996,-1.96117452961885
12449,Ccnf,3099,-0.638367709673911,2.80940299118751,-3.45512458231226,0.00446888031666082,0.14970754317996,-2.49838472908445
14701,Gng12,4363,-0.589820987613781,2.63283654285941,-3.45355797188952,0.00448211448846973,0.14970754317996,-2.48320700131362
213811,BC002059,3120,0.919731423730078,2.87406887440814,3.45337374483283,0.00448367338096848,0.14970754317996,-2.36683796745382
67426,Adck3,4076,0.744594258326829,3.58698600556427,3.45217643271666,0.00449381819288238,0.14970754317996,-2.38039298901435
66929,Asf1b,1599,-0.495875332192532,4.74241444082629,-3.45064631928358,0.00450681668713647,0.14970754317996,-2.5409392190082
100302529,Snord72,60,2.83819035377819,4.22432402176105,3.45038183038337,0.00450906741006759,0.14970754317996,-1.86954282028186
12511,Cd6,3034,-1.67089959113749,0.343885634647311,-3.44962187510058,0.00451554074556723,0.14970754317996,-2.06703671270169
71207,Nudt4,3231,-0.785504356121568,4.05505954379476,-3.44821094312919,0.00452758410993356,0.149735275477283,-2.49283545178622
72401,Slc43a1,2924,-2.93154292372624,1.97579376057468,-3.44628537049051,0.00454407284813665,0.149774373232799,-2.10011559236045
98682,Mfsd6,5591,-0.803141287686938,1.41608214684114,-3.44499999389964,0.00455511341210441,0.149774373232799,-2.29115487485796
14229,Fkbp5,3347,-0.847185641041737,4.08206841137582,-3.44415388526971,0.0045623957717049,0.149774373232799,-2.50428216100253